5.316974721702269,1.1812695892941019,-0.040244844783466016,1.5662236749448086,0.8045645796750861,0.013650318174478482,classB
5.24252472170227,1.120469589294102,-0.030244844783466007,1.5149736749448086,0.8145645796750863,0.003650318174478473,classB
4.580974721702269,0.883919589294102,0.009755155216534028,1.2879236749448089,0.8145645796750863,-0.05634968182552147,classD
3.7317747217022696,0.9376195892941019,-0.140244844783466,1.1365736749448085,0.8145645796750863,0.09365031817447844,classC
4.500924721702269,1.0484695892941018,-0.140244844783466,1.2712236749448085,0.7945645796750863,0.08365031817447843,classA
3.92737472170227,0.980769589294102,-0.13024484478346599,1.1962236749448085,0.8145645796750863,0.08365031817447843,classC
4.2968247217022695,0.8711195892941019,-0.01024484478346599,1.2274236749448086,0.8145645796750863,-0.026349681825521554,classD
4.329674721702269,0.9783195892941019,-0.06024484478346592,1.2836736749448088,0.8145645796750863,0.02365031817447849,classC
8.15992472170227,1.8653695892941022,-0.06024484478346592,2.4208736749448088,0.8145645796750863,0.0336503181744785,classE
4.751924721702269,0.9641195892941019,-0.020244844783466,1.3112236749448087,0.7945645796750863,-0.016349681825521545,classD
5.188174721702269,1.133569589294102,-0.050244844783466025,1.4798736749448087,0.7845645796750861,0.013650318174478482,classB
5.20532472170227,1.190669589294102,-0.08024484478346594,1.5231736749448086,0.8145645796750863,0.04365031817447851,classA
5.00177472170227,1.1407195892941018,-0.12024484478346598,1.4026736749448088,0.8045645796750861,0.07365031817447854,classA
4.42617472170227,0.8518195892941018,0.019755155216534037,1.2552736749448086,0.8145645796750863,-0.05634968182552147,classD
4.72087472170227,0.9166195892941019,0.009755155216534028,1.3311736749448086,0.8145645796750863,-0.04634968182552157,classD
3.6972247217022693,0.9014195892941019,-0.12024484478346598,1.1142236749448085,0.8145645796750863,0.07365031817447854,classC
3.4461247217022697,0.801269589294102,-0.07024484478346593,1.0316736749448085,0.8145645796750863,0.04365031817447851,classC
4.60312472170227,0.8614695892941019,0.019755155216534037,1.2861236749448088,0.8145645796750863,-0.06634968182552148,classD
3.8256247217022694,0.956419589294102,-0.13024484478346599,1.1657736749448084,0.8145645796750863,0.08365031817447843,classC
3.9669247217022696,0.9122695892941018,-0.07024484478346593,1.1748736749448085,0.8145645796750863,0.04365031817447851,classC
4.39122472170227,0.9297695892941019,-0.020244844783466,1.2738236749448086,0.8045645796750861,-0.006349681825521536,classD
4.514724721702269,0.915269589294102,-0.01024484478346599,1.2918736749448088,0.8145645796750863,-0.026349681825521554,classD
5.365624721702269,1.194669589294102,-0.11024484478346597,1.4868236749448087,0.8045645796750861,0.06365031817447853,classA
4.27807472170227,1.0669695892941018,-0.19024484478346593,1.2506236749448085,0.8045645796750861,0.11365031817447846,classA
4.982124721702269,0.912019589294102,0.029755155216534046,1.3888236749448086,0.8145645796750863,-0.07634968182552149,classD
7.160674721702269,1.7306695892941022,-0.12024484478346598,2.124523674944809,0.8145645796750863,0.07365031817447854,classE
3.5530247217022697,0.8316195892941018,-0.09024484478346595,1.0583736749448085,0.8145645796750863,0.05365031817447852,classC
4.874074721702269,1.135519589294102,-0.09024484478346595,1.4439236749448088,0.8145645796750863,0.05365031817447852,classA
4.09812472170227,0.9897695892941019,-0.10024484478346596,1.2349236749448087,0.8145645796750863,0.06365031817447853,classC
8.78352472170227,1.7949195892941021,-0.030244844783466007,2.435473674944809,0.7945645796750863,-0.016349681825521545,classE
8.974324721702269,1.969569589294102,-0.040244844783466016,2.634323674944809,0.8145645796750863,0.003650318174478473,classE
3.9636747217022696,0.979169589294102,-0.13024484478346599,1.1940736749448084,0.8145645796750863,0.08365031817447843,classC
5.775724721702269,1.194019589294102,-0.07024484478346593,1.5389236749448088,0.8045645796750861,0.04365031817447851,classA
4.006924721702269,0.9519695892941019,-0.10024484478346596,1.1965736749448086,0.8145645796750863,0.05365031817447852,classC
3.9499747217022696,0.976219589294102,-0.13024484478346599,1.1830736749448085,0.8145645796750863,0.08365031817447843,classC
4.39812472170227,0.8871195892941018,-0.0002448447834659806,1.2635736749448085,0.8145645796750863,-0.03634968182552156,classD
5.32917472170227,1.263169589294102,-0.150244844783466,1.5123736749448087,0.8045645796750861,0.09365031817447844,classA
4.813524721702269,1.140619589294102,-0.10024484478346596,1.4270236749448089,0.8145645796750863,0.06365031817447853,classA
4.809574721702269,1.091569589294102,-0.06024484478346592,1.4158236749448088,0.8145645796750863,0.0336503181744785,classB
5.446974721702269,1.3200695892941021,-0.12024484478346598,1.6193236749448088,0.8145645796750863,0.07365031817447854,classB
3.839624721702269,0.8298695892941019,-0.040244844783466016,1.1114236749448088,0.8045645796750861,0.003650318174478473,classD
4.00712472170227,0.988769589294102,-0.140244844783466,1.1989236749448087,0.8145645796750863,0.09365031817447844,classC
9.47612472170227,2.132969589294102,-0.06024484478346592,2.7711736749448086,0.8145645796750863,0.02365031817447849,classE
5.324374721702269,1.2466195892941019,-0.140244844783466,1.5113736749448088,0.8045645796750861,0.08365031817447843,classA
5.28857472170227,1.1008695892941018,-0.020244844783466,1.5138736749448087,0.8145645796750863,-0.006349681825521536,classB
3.7947747217022694,0.9357695892941019,-0.12024484478346598,1.1557736749448084,0.8145645796750863,0.07365031817447854,classC
5.349074721702269,1.193119589294102,-0.06024484478346592,1.5650736749448086,0.8145645796750863,0.02365031817447849,classB
4.29902472170227,0.9925195892941019,-0.07024484478346593,1.2758236749448086,0.8145645796750863,0.0336503181744785,classC
4.138424721702269,0.9840695892941019,-0.09024484478346595,1.2463736749448087,0.8145645796750863,0.05365031817447852,classC
7.20032472170227,1.755819589294102,-0.13024484478346599,2.143973674944809,0.8145645796750863,0.08365031817447843,classE
5.7732247217022685,1.2709195892941019,-0.040244844783466016,1.6883736749448088,0.8145645796750863,0.013650318174478482,classB
4.59627472170227,0.9283695892941018,-0.0002448447834659806,1.3129736749448089,0.8145645796750863,-0.03634968182552156,classD
7.54332472170227,1.895569589294102,-0.160244844783466,2.2535236749448084,0.8145645796750863,0.10365031817447845,classE
3.834774721702269,0.970419589294102,-0.150244844783466,1.1663736749448086,0.8145645796750863,0.09365031817447844,classC
4.7446247217022695,0.9219695892941019,0.009755155216534028,1.3454736749448089,0.8145645796750863,-0.04634968182552157,classD
5.232824721702269,1.3328695892941023,-0.20024484478346594,1.5461736749448087,0.8145645796750863,0.12365031817447847,classA
5.049974721702269,1.176269589294102,-0.12024484478346598,1.4497236749448086,0.8045645796750861,0.07365031817447854,classA
7.8589247217022695,1.7813695892941022,-0.07024484478346593,2.2979736749448088,0.8145645796750863,0.0336503181744785,classE
5.28332472170227,1.168769589294102,-0.050244844783466025,1.5305236749448088,0.8045645796750861,0.02365031817447849,classB
3.727824721702269,0.9021195892941019,-0.12024484478346598,1.1147736749448085,0.8145645796750863,0.07365031817447854,classC
5.2949247217022695,1.226069589294102,-0.11024484478346597,1.5276736749448088,0.8045645796750861,0.06365031817447853,classA
4.68427472170227,0.973419589294102,-0.01024484478346599,1.3557736749448088,0.8145645796750863,-0.026349681825521554,classD
5.97122472170227,1.252419589294102,-0.07024484478346593,1.6104236749448089,0.8045645796750861,0.0336503181744785,classA
5.464174721702269,1.210269589294102,-0.050244844783466025,1.5837736749448086,0.8045645796750861,0.013650318174478482,classB
3.9245247217022694,0.9733195892941019,-0.13024484478346599,1.1937236749448086,0.8145645796750863,0.08365031817447843,classC
3.6580747217022695,0.9246695892941019,-0.150244844783466,1.1121236749448087,0.8145645796750863,0.09365031817447844,classC
4.4873747217022695,1.031269589294102,-0.07024484478346593,1.3287736749448087,0.8045645796750861,0.0336503181744785,classB
3.5829247217022693,0.8761695892941019,-0.12024484478346598,1.0819736749448086,0.8145645796750863,0.07365031817447854,classC
5.461574721702269,1.3179195892941022,-0.17024484478346602,1.5609736749448087,0.8045645796750861,0.10365031817447845,classA
3.9044747217022695,0.961519589294102,-0.12024484478346598,1.1814236749448086,0.8145645796750863,0.07365031817447854,classC
4.429224721702269,1.020719589294102,-0.07024484478346593,1.3186236749448088,0.8145645796750863,0.0336503181744785,classC
4.429674721702269,0.9916195892941019,-0.050244844783466025,1.3042736749448087,0.8145645796750863,0.02365031817447849,classC
4.0300247217022696,0.8249195892941019,-0.01024484478346599,1.1568736749448085,0.8045645796750861,-0.03634968182552156,classD
4.5079247217022695,0.8519695892941018,0.019755155216534037,1.2589736749448086,0.8145645796750863,-0.06634968182552148,classD
5.312624721702269,1.1580695892941018,-0.040244844783466016,1.5509736749448086,0.8045645796750861,0.003650318174478473,classB
4.981724721702269,1.109569589294102,-0.06024484478346592,1.4436236749448088,0.8145645796750863,0.0336503181744785,classB
4.7678747217022694,1.133969589294102,-0.11024484478346597,1.4026736749448088,0.8145645796750863,0.07365031817447854,classA
4.27352472170227,1.007619589294102,-0.10024484478346596,1.2642736749448087,0.8045645796750861,0.05365031817447852,classC
4.15567472170227,0.9831195892941019,-0.09024484478346595,1.2456236749448086,0.8145645796750863,0.05365031817447852,classC
7.96852472170227,2.009919589294102,-0.150244844783466,2.418573674944809,0.8145645796750863,0.09365031817447844,classE
5.266774721702269,1.197319589294102,-0.07024484478346593,1.5438736749448088,0.8145645796750863,0.0336503181744785,classB
8.36867472170227,1.880819589294102,-0.06024484478346592,2.4444236749448085,0.8145645796750863,0.0336503181744785,classE
3.611624721702269,0.8833195892941019,-0.12024484478346598,1.0900736749448086,0.8145645796750863,0.07365031817447854,classC
5.035474721702269,1.231519589294102,-0.18024484478346603,1.452923674944809,0.8045645796750861,0.11365031817447846,classA
5.514524721702269,1.3147695892941023,-0.10024484478346596,1.6415736749448087,0.8045645796750861,0.06365031817447853,classB
5.17242472170227,1.1521195892941019,-0.050244844783466025,1.5224236749448088,0.8145645796750863,0.013650318174478482,classB
5.14707472170227,1.1528695892941019,-0.07024484478346593,1.4846236749448087,0.8045645796750861,0.0336503181744785,classD
3.925174721702269,0.9861695892941019,-0.13024484478346599,1.2022236749448085,0.8145645796750863,0.08365031817447843,classC
3.8137247217022696,0.944219589294102,-0.13024484478346599,1.1527736749448085,0.8145645796750863,0.08365031817447843,classC
3.631574721702269,0.9095195892941019,-0.140244844783466,1.1065736749448085,0.8145645796750863,0.08365031817447843,classC
4.01012472170227,0.977819589294102,-0.12024484478346598,1.2039236749448086,0.8145645796750863,0.07365031817447854,classA
4.63807472170227,0.9450695892941019,-0.01024484478346599,1.3234236749448087,0.8045645796750861,-0.026349681825521554,classD
4.854824721702269,0.9297695892941019,-0.0002448447834659806,1.3284736749448087,0.8045645796750861,-0.03634968182552156,classD
3.6186247217022696,0.8755695892941019,-0.150244844783466,1.0518236749448087,0.8045645796750861,0.09365031817447844,classC
3.7240747217022694,0.870419589294102,-0.08024484478346594,1.1191236749448086,0.8145645796750863,0.04365031817447851,classC
5.25842472170227,1.216119589294102,-0.11024484478346597,1.5134236749448087,0.8045645796750861,0.06365031817447853,classA
4.94687472170227,1.1105695892941019,-0.050244844783466025,1.4667736749448088,0.8145645796750863,0.013650318174478482,classB
3.7383747217022694,0.912969589294102,-0.12024484478346598,1.1274736749448087,0.8145645796750863,0.07365031817447854,classC
5.364224721702269,1.182669589294102,-0.050244844783466025,1.5662736749448087,0.8145645796750863,0.013650318174478482,classB
5.05132472170227,0.9632195892941019,0.019755155216534037,1.4210236749448086,0.8145645796750863,-0.06634968182552148,classD
4.79432472170227,0.942169589294102,-0.0002448447834659806,1.3524236749448086,0.8045645796750861,-0.04634968182552157,classD
3.859824721702269,0.8068695892941019,-0.030244844783466007,1.0915236749448085,0.8045645796750861,-0.006349681825521536,classD
5.2937747217022695,1.137669589294102,-0.030244844783466007,1.5311236749448087,0.8045645796750861,0.003650318174478473,classB
4.330124721702269,0.965269589294102,-0.050244844783466025,1.281973674944809,0.8145645796750863,0.013650318174478482,classC
5.390424721702269,1.212619589294102,-0.06024484478346592,1.5793736749448086,0.8145645796750863,0.02365031817447849,classB
4.245174721702269,0.970119589294102,-0.06024484478346592,1.2628736749448086,0.8145645796750863,0.0336503181744785,classC
5.2895747217022695,1.151569589294102,-0.050244844783466025,1.5196236749448087,0.8045645796750861,0.013650318174478482,classB
5.23267472170227,1.115419589294102,-0.030244844783466007,1.5086236749448088,0.8045645796750861,-0.006349681825521536,classB
7.708224721702269,1.7988695892941022,-0.09024484478346595,2.2797236749448087,0.8145645796750863,0.04365031817447851,classE
4.088074721702269,0.8343195892941019,-0.020244844783466,1.1454236749448086,0.8045645796750861,-0.006349681825521536,classD
4.5388247217022695,0.902069589294102,-0.0002448447834659806,1.2849736749448086,0.8145645796750863,-0.03634968182552156,classD
3.8289247217022693,0.772919589294102,-0.01024484478346599,1.0922236749448087,0.8145645796750863,-0.026349681825521554,classD
4.056074721702269,0.973419589294102,-0.10024484478346596,1.2245236749448085,0.8145645796750863,0.06365031817447853,classC
4.85872472170227,1.2540695892941018,-0.24024484478346597,1.4225236749448087,0.8145645796750863,0.1436503181744785,classA
5.189424721702269,1.1197195892941019,-0.040244844783466016,1.4885736749448089,0.8045645796750861,0.003650318174478473,classB
4.089724721702269,0.992819589294102,-0.12024484478346598,1.2269236749448087,0.8145645796750863,0.07365031817447854,classC
3.9563247217022695,0.949969589294102,-0.11024484478346597,1.1758236749448086,0.8145645796750863,0.06365031817447853,classC
4.0319747217022694,0.9426695892941019,-0.08024484478346594,1.2084236749448085,0.8145645796750863,0.04365031817447851,classC
5.50632472170227,1.289219589294102,-0.10024484478346596,1.6111236749448088,0.8045645796750861,0.05365031817447852,classB
4.7144747217022696,0.9639195892941019,-0.01024484478346599,1.3538736749448088,0.8145645796750863,-0.026349681825521554,classD
6.160424721702269,1.364919589294102,-0.050244844783466025,1.8024736749448087,0.8045645796750861,0.013650318174478482,classB
4.968424721702269,1.005169589294102,-0.01024484478346599,1.4100236749448087,0.8045645796750861,-0.026349681825521554,classB
4.6733247217022695,0.9128695892941019,-0.0002448447834659806,1.3129236749448088,0.8145645796750863,-0.04634968182552157,classD
5.324524721702269,1.2054695892941019,-0.10024484478346596,1.5131736749448086,0.8045645796750861,0.06365031817447853,classA
4.642274721702269,1.042119589294102,-0.07024484478346593,1.3433236749448088,0.8045645796750861,0.0336503181744785,classA
7.011474721702269,1.7651695892941022,-0.160244844783466,2.1013736749448086,0.8145645796750863,0.10365031817447845,classE
4.429674721702269,1.027369589294102,-0.11024484478346597,1.2750736749448086,0.8045645796750861,0.06365031817447853,classA
4.752324721702269,1.126069589294102,-0.09024484478346595,1.4202736749448086,0.8145645796750863,0.05365031817447852,classA
4.522124721702269,0.905269589294102,-0.0002448447834659806,1.2862236749448086,0.8145645796750863,-0.03634968182552156,classD
4.493974721702269,0.968419589294102,-0.030244844783466007,1.3077736749448088,0.8145645796750863,0.003650318174478473,classD
3.9576247217022695,0.970619589294102,-0.12024484478346598,1.1927736749448086,0.8145645796750863,0.07365031817447854,classC
3.7143747217022693,0.881869589294102,-0.10024484478346596,1.1002236749448087,0.8145645796750863,0.06365031817447853,classC
5.6291247217022695,1.195319589294102,-0.030244844783466007,1.6319236749448087,0.8145645796750863,-0.006349681825521536,classB
5.077824721702269,1.160369589294102,-0.06024484478346592,1.5085736749448089,0.8145645796750863,0.0336503181744785,classB
4.17822472170227,0.986869589294102,-0.08024484478346594,1.2593236749448087,0.8145645796750863,0.04365031817447851,classC
4.925824721702269,1.083019589294102,-0.050244844783466025,1.4266236749448087,0.8045645796750861,0.013650318174478482,classB
4.095424721702269,0.952319589294102,-0.08024484478346594,1.2199736749448085,0.8145645796750863,0.04365031817447851,classC
4.32067472170227,0.8525695892941019,-0.0002448447834659806,1.2195736749448087,0.8045645796750861,-0.04634968182552157,classD
4.08332472170227,0.947469589294102,-0.07024484478346593,1.2224736749448086,0.8145645796750863,0.04365031817447851,classC
5.35492472170227,1.1581195892941019,-0.040244844783466016,1.5482736749448087,0.7945645796750863,0.003650318174478473,classB
3.9807247217022694,0.990619589294102,-0.150244844783466,1.1891236749448086,0.8045645796750861,0.09365031817447844,classC
7.732974721702269,1.933969589294102,-0.140244844783466,2.3355736749448086,0.8145645796750863,0.09365031817447844,classE
4.87632472170227,0.9468695892941019,0.009755155216534028,1.3751736749448087,0.8145645796750863,-0.05634968182552147,classD
4.280574721702269,0.9119195892941019,-0.020244844783466,1.2534236749448084,0.8145645796750863,-0.006349681825521536,classD
3.7314247217022696,0.954569589294102,-0.160244844783466,1.1373736749448087,0.8145645796750863,0.10365031817447845,classC
4.48767472170227,1.070319589294102,-0.11024484478346597,1.3324736749448087,0.8145645796750863,0.06365031817447853,classC
5.571724721702269,1.2249195892941018,-0.050244844783466025,1.6107736749448087,0.8045645796750861,0.013650318174478482,classB
5.138124721702269,1.037369589294102,-0.0002448447834659806,1.4763236749448085,0.8145645796750863,-0.03634968182552156,classD
4.745024721702269,0.9119195892941019,0.019755155216534037,1.3437736749448086,0.8145645796750863,-0.05634968182552147,classD
5.386824721702269,1.246319589294102,-0.13024484478346599,1.514173674944809,0.8045645796750861,0.08365031817447843,classA
5.88737472170227,1.2994695892941022,-0.08024484478346594,1.6598236749448088,0.8045645796750861,0.04365031817447851,classA
4.746924721702269,0.9417695892941019,-0.0002448447834659806,1.3333736749448086,0.8145645796750863,-0.03634968182552156,classD
4.583074721702269,1.1155695892941018,-0.13024484478346599,1.3575236749448087,0.8145645796750863,0.08365031817447843,classA
3.879674721702269,0.922919589294102,-0.10024484478346596,1.1555236749448086,0.8145645796750863,0.06365031817447853,classC
3.5813747217022693,0.897069589294102,-0.13024484478346599,1.0990736749448085,0.8145645796750863,0.08365031817447843,classC
8.59297472170227,2.006619589294102,-0.08024484478346594,2.5456236749448085,0.8145645796750863,0.04365031817447851,classE
6.87092472170227,1.6150695892941023,-0.09024484478346595,2.043573674944809,0.8145645796750863,0.04365031817447851,classE
3.929224721702269,0.894669589294102,-0.07024484478346593,1.1585736749448086,0.8145645796750863,0.0336503181744785,classC
4.168874721702269,0.963419589294102,-0.08024484478346594,1.2214736749448085,0.8045645796750861,0.04365031817447851,classC
4.607624721702269,0.9157195892941019,-0.0002448447834659806,1.3138236749448087,0.8145645796750863,-0.03634968182552156,classD
3.8438247217022696,0.943269589294102,-0.13024484478346599,1.1520736749448086,0.8045645796750861,0.07365031817447854,classC
4.289324721702269,1.0017695892941019,-0.09024484478346595,1.2697236749448086,0.8045645796750861,0.04365031817447851,classC
4.539774721702269,0.905269589294102,-0.0002448447834659806,1.2993236749448087,0.8145645796750863,-0.03634968182552156,classD
4.3574247217022695,0.897069589294102,-0.01024484478346599,1.2633236749448087,0.8145645796750863,-0.026349681825521554,classD
3.7484747217022694,0.883569589294102,-0.09024484478346595,1.1206236749448086,0.8145645796750863,0.05365031817447852,classC
3.8718747217022695,0.939369589294102,-0.11024484478346597,1.1613736749448085,0.8145645796750863,0.07365031817447854,classC
4.360524721702269,1.050019589294102,-0.10024484478346596,1.3120736749448088,0.8145645796750863,0.06365031817447853,classA
3.6349747217022697,0.8828695892941019,-0.11024484478346597,1.0980236749448087,0.8145645796750863,0.06365031817447853,classC
5.7438247217022695,1.351069589294102,-0.150244844783466,1.6186236749448089,0.8045645796750861,0.09365031817447844,classA
3.893924721702269,0.9294695892941018,-0.11024484478346597,1.1486736749448085,0.8045645796750861,0.06365031817447853,classC
4.14772472170227,0.972819589294102,-0.08024484478346594,1.2387736749448086,0.8145645796750863,0.04365031817447851,classC
5.360774721702269,1.189219589294102,-0.11024484478346597,1.4810236749448087,0.8045645796750861,0.06365031817447853,classA
5.47997472170227,1.2771695892941017,-0.12024484478346598,1.5694736749448088,0.8045645796750861,0.07365031817447854,classA
4.073374721702269,0.839169589294102,-0.01024484478346599,1.1708736749448085,0.8145645796750863,-0.026349681825521554,classD
5.379024721702269,1.191219589294102,-0.040244844783466016,1.5912736749448086,0.8145645796750863,0.003650318174478473,classB
4.2179247217022695,0.9760695892941019,-0.08024484478346594,1.2522236749448086,0.8145645796750863,0.04365031817447851,classC
5.258124721702269,1.262319589294102,-0.140244844783466,1.5249736749448086,0.8045645796750861,0.09365031817447844,classA
4.367374721702269,1.011419589294102,-0.07024484478346593,1.305423674944809,0.8145645796750863,0.04365031817447851,classC
5.123124721702269,0.9856695892941019,0.019755155216534037,1.4551236749448089,0.8145645796750863,-0.05634968182552147,classD
4.336874721702269,0.9922195892941019,-0.06024484478346592,1.2922236749448086,0.8145645796750863,0.0336503181744785,classC
4.141374721702269,0.8129695892941019,-0.0002448447834659806,1.1670736749448087,0.8145645796750863,-0.03634968182552156,classD
3.8683247217022694,0.8997695892941019,-0.08024484478346594,1.1551736749448087,0.8145645796750863,0.04365031817447851,classC
4.251624721702269,0.9942195892941019,-0.09024484478346595,1.2395736749448085,0.7945645796750863,0.04365031817447851,classD
5.419524721702269,1.252669589294102,-0.13024484478346599,1.5261236749448088,0.8045645796750861,0.08365031817447843,classA
5.29252472170227,1.159619589294102,-0.11024484478346597,1.4356236749448086,0.8045645796750861,0.07365031817447854,classA
4.366624721702269,1.023169589294102,-0.140244844783466,1.2438736749448085,0.8045645796750861,0.08365031817447843,classA
4.764624721702269,0.9853195892941019,-0.020244844783466,1.3474736749448086,0.8045645796750861,-0.016349681825521545,classD
4.45227472170227,0.8861695892941018,0.009755155216534028,1.2755736749448086,0.8045645796750861,-0.04634968182552157,classD
4.1859247217022695,0.9289195892941019,-0.040244844783466016,1.2418236749448086,0.8145645796750863,0.013650318174478482,classC
3.652974721702269,0.860269589294102,-0.09024484478346595,1.0883736749448085,0.8045645796750861,0.05365031817447852,classC
4.496324721702269,0.896069589294102,-0.0002448447834659806,1.2826236749448088,0.8145645796750863,-0.03634968182552156,classD
4.670424721702269,1.107169589294102,-0.11024484478346597,1.3728736749448087,0.8145645796750863,0.07365031817447854,classA
4.346524721702269,0.8280695892941019,0.009755155216534028,1.2052736749448085,0.8145645796750863,-0.04634968182552157,classD
5.2834747217022695,1.179619589294102,-0.06024484478346592,1.5266736749448089,0.7945645796750863,0.02365031817447849,classB
4.912924721702269,0.8851695892941019,0.039755155216534055,1.3631736749448087,0.8145645796750863,-0.0863496818255215,classD
3.7333747217022695,0.890919589294102,-0.10024484478346596,1.1207736749448085,0.8145645796750863,0.06365031817447853,classC
4.751974721702269,0.9769195892941019,-0.050244844783466025,1.2849736749448086,0.8045645796750861,0.02365031817447849,classC
5.56837472170227,1.235169589294102,-0.050244844783466025,1.6254236749448088,0.8045645796750861,0.013650318174478482,classB
4.88322472170227,0.9777195892941019,-0.01024484478346599,1.3790736749448087,0.8145645796750863,-0.026349681825521554,classB
8.07707472170227,1.823719589294102,-0.06024484478346592,2.3683736749448085,0.8145645796750863,0.02365031817447849,classE
8.23542472170227,1.839069589294102,-0.050244844783466025,2.4272736749448085,0.8145645796750863,0.013650318174478482,classE
7.60582472170227,1.844969589294102,-0.13024484478346599,2.251073674944809,0.8145645796750863,0.08365031817447843,classE
5.3871247217022695,1.233269589294102,-0.08024484478346594,1.568873674944809,0.8045645796750861,0.04365031817447851,classB
4.939374721702269,1.200619589294102,-0.13024484478346599,1.4680736749448087,0.8145645796750863,0.08365031817447843,classA
5.58482472170227,1.2596695892941019,-0.050244844783466025,1.6572236749448086,0.8145645796750863,0.02365031817447849,classB
5.26742472170227,1.236269589294102,-0.09024484478346595,1.5655736749448088,0.8145645796750863,0.05365031817447852,classB
7.863974721702269,1.785269589294102,-0.07024484478346593,2.3172236749448087,0.8145645796750863,0.0336503181744785,classE
5.43612472170227,1.237169589294102,-0.06024484478346592,1.6071736749448087,0.8145645796750863,0.02365031817447849,classB
4.54517472170227,0.823869589294102,0.029755155216534046,1.2588736749448086,0.8145645796750863,-0.07634968182552149,classD
5.91857472170227,1.3408195892941022,-0.06024484478346592,1.7515736749448088,0.8045645796750861,0.02365031817447849,classB
5.554874721702269,1.230919589294102,-0.040244844783466016,1.6424736749448088,0.8145645796750863,0.013650318174478482,classB
5.095774721702269,0.9712695892941019,0.019755155216534037,1.4442236749448087,0.8145645796750863,-0.06634968182552148,classD
5.01512472170227,0.988719589294102,-0.01024484478346599,1.3845236749448089,0.8145645796750863,-0.026349681825521554,classD
4.301674721702269,0.8481195892941019,0.009755155216534028,1.2265236749448085,0.8145645796750863,-0.04634968182552157,classD
5.533174721702269,1.281419589294102,-0.07024484478346593,1.6512736749448087,0.8145645796750863,0.0336503181744785,classB
4.8189247217022695,0.9720195892941019,-0.01024484478346599,1.3577736749448086,0.8145645796750863,-0.026349681825521554,classD
4.848724721702269,1.005619589294102,-0.020244844783466,1.3558236749448087,0.7745645796750863,-0.026349681825521554,classD
4.508024721702269,0.9124695892941019,-0.0002448447834659806,1.2968236749448088,0.8145645796750863,-0.03634968182552156,classD
4.379574721702269,1.0247695892941018,-0.09024484478346595,1.3006236749448086,0.8145645796750863,0.05365031817447852,classD
3.7746247217022693,0.960619589294102,-0.150244844783466,1.1501736749448086,0.8145645796750863,0.09365031817447844,classC
4.264674721702269,0.806269589294102,0.019755155216534037,1.2034236749448086,0.8145645796750863,-0.06634968182552148,classD
3.9412247217022696,0.9006695892941019,-0.07024484478346593,1.1651736749448087,0.8145645796750863,0.0336503181744785,classC
4.98692472170227,0.993919589294102,-0.0002448447834659806,1.4122736749448086,0.8145645796750863,-0.03634968182552156,classD
4.085874721702269,0.903869589294102,-0.040244844783466016,1.2085736749448086,0.8145645796750863,0.013650318174478482,classD
4.652324721702269,0.900019589294102,0.019755155216534037,1.3229736749448089,0.8145645796750863,-0.05634968182552147,classD
4.347924721702269,0.980119589294102,-0.050244844783466025,1.2907236749448088,0.8145645796750863,0.02365031817447849,classC
8.732024721702269,1.846219589294102,-0.030244844783466007,2.4987236749448085,0.8045645796750861,-0.006349681825521536,classE
4.869074721702269,1.156519589294102,-0.10024484478346596,1.4508736749448088,0.8145645796750863,0.06365031817447853,classA
5.1363747217022695,1.1016195892941019,-0.07024484478346593,1.4256736749448087,0.8045645796750861,0.0336503181744785,classA
4.479424721702269,0.864719589294102,0.009755155216534028,1.2436736749448085,0.8045645796750861,-0.04634968182552157,classD
5.52212472170227,1.271669589294102,-0.07024484478346593,1.6322736749448086,0.8145645796750863,0.0336503181744785,classB
5.041524721702269,1.166769589294102,-0.08024484478346594,1.4883236749448088,0.8145645796750863,0.04365031817447851,classB
5.551974721702269,1.182669589294102,-0.030244844783466007,1.5943736749448087,0.7945645796750863,-0.006349681825521536,classB
4.86652472170227,0.8183195892941019,0.019755155216534037,1.2172736749448085,0.7945645796750863,-0.06634968182552148,classD
4.245774721702269,0.9789195892941019,-0.08024484478346594,1.2527236749448085,0.8045645796750861,0.04365031817447851,classC
5.228674721702269,1.2176695892941019,-0.150244844783466,1.4677736749448087,0.8045645796750861,0.09365031817447844,classA
5.465724721702269,1.191919589294102,-0.040244844783466016,1.5979736749448088,0.8145645796750863,0.003650318174478473,classB
4.201574721702269,0.8851695892941019,-0.020244844783466,1.2256736749448087,0.8145645796750863,-0.016349681825521545,classD
4.057274721702269,0.977619589294102,-0.10024484478346596,1.2245736749448086,0.8145645796750863,0.06365031817447853,classC
3.7133747217022695,0.840319589294102,-0.06024484478346592,1.0970236749448086,0.8045645796750861,0.0336503181744785,classC
4.228774721702269,1.139519589294102,-0.300244844783466,1.2616236749448086,0.8045645796750861,0.1636503181744785,classA
5.11877472170227,1.182869589294102,-0.07024484478346593,1.5297236749448087,0.8145645796750863,0.0336503181744785,classB
4.90187472170227,1.100269589294102,-0.07024484478346593,1.4251736749448087,0.8045645796750861,0.0336503181744785,classB
4.13507472170227,0.971369589294102,-0.09024484478346595,1.2369236749448087,0.8145645796750863,0.05365031817447852,classC
4.18807472170227,0.8672695892941019,-0.01024484478346599,1.2092736749448085,0.8045645796750861,-0.026349681825521554,classD
7.46242472170227,1.821719589294102,-0.12024484478346598,2.2422236749448086,0.8145645796750863,0.07365031817447854,classE
4.579024721702269,1.1207695892941019,-0.13024484478346599,1.3558736749448088,0.8045645796750861,0.08365031817447843,classB
3.537874721702269,0.9044695892941018,-0.150244844783466,1.0929736749448085,0.8145645796750863,0.09365031817447844,classC
4.099824721702269,0.911119589294102,-0.050244844783466025,1.2144736749448086,0.8145645796750863,0.013650318174478482,classC
5.224424721702269,1.127969589294102,-0.030244844783466007,1.5195236749448089,0.8145645796750863,0.003650318174478473,classB
3.7660247217022693,0.9383195892941019,-0.13024484478346599,1.1499236749448085,0.8145645796750863,0.08365031817447843,classC
3.9433247217022696,0.8768195892941019,-0.17024484478346602,1.0421736749448085,0.8045645796750861,0.10365031817447845,classC
5.0963747217022695,1.010669589294102,-0.0002448447834659806,1.4517236749448088,0.8145645796750863,-0.03634968182552156,classD
4.025924721702269,1.029469589294102,-0.160244844783466,1.2204236749448085,0.8045645796750861,0.10365031817447845,classC
4.041274721702269,0.9132195892941019,-0.06024484478346592,1.1969236749448087,0.8145645796750863,0.02365031817447849,classC
4.4153247217022695,1.007019589294102,-0.06024484478346592,1.3131236749448087,0.8145645796750863,0.0336503181744785,classC
3.644224721702269,0.8922695892941018,-0.11024484478346597,1.1138736749448086,0.8145645796750863,0.06365031817447853,classC
4.221674721702269,0.816269589294102,0.009755155216534028,1.1810236749448086,0.8145645796750863,-0.04634968182552157,classD
5.544424721702269,1.230319589294102,-0.050244844783466025,1.6257736749448088,0.8145645796750863,0.013650318174478482,classB
7.69767472170227,1.8404195892941022,-0.10024484478346596,2.2936736749448086,0.8045645796750861,0.06365031817447853,classE
5.10272472170227,1.321819589294102,-0.22024484478346595,1.5179236749448088,0.8045645796750861,0.13365031817447848,classA
7.280274721702269,1.808869589294102,-0.140244844783466,2.1920736749448086,0.8145645796750863,0.08365031817447843,classE
5.101074721702269,1.213119589294102,-0.12024484478346598,1.4907736749448088,0.8045645796750861,0.07365031817447854,classA
3.8615247217022692,0.936219589294102,-0.12024484478346598,1.1546736749448085,0.8145645796750863,0.07365031817447854,classC
5.03837472170227,1.1864195892941019,-0.13024484478346599,1.453873674944809,0.8045645796750861,0.08365031817447843,classA
4.57302472170227,1.0296195892941018,-0.050244844783466025,1.3572736749448087,0.8045645796750861,0.013650318174478482,classB
6.500524721702269,1.4339195892941021,-0.040244844783466016,1.9117236749448088,0.8145645796750863,0.013650318174478482,classB
4.947474721702269,1.060269589294102,-0.040244844783466016,1.4195236749448088,0.8045645796750861,0.003650318174478473,classD
7.7701247217022695,1.904319589294102,-0.12024484478346598,2.3365236749448086,0.8145645796750863,0.07365031817447854,classE
7.523674721702269,1.897669589294102,-0.160244844783466,2.2603736749448085,0.8145645796750863,0.09365031817447844,classE
4.00067472170227,0.989819589294102,-0.140244844783466,1.2034736749448087,0.8145645796750863,0.08365031817447843,classC
5.929974721702269,1.303719589294102,-0.050244844783466025,1.7295236749448089,0.8145645796750863,0.013650318174478482,classB
4.124274721702269,0.952169589294102,-0.07024484478346593,1.2290236749448085,0.8145645796750863,0.0336503181744785,classC
4.3600747217022695,0.805919589294102,0.029755155216534046,1.2152736749448085,0.8145645796750863,-0.07634968182552149,classD
8.29162472170227,1.9672695892941021,-0.10024484478346596,2.453923674944809,0.8145645796750863,0.06365031817447853,classE
3.896424721702269,0.9758695892941018,-0.150244844783466,1.1748236749448084,0.8145645796750863,0.09365031817447844,classC
8.113674721702269,1.8619695892941022,-0.06024484478346592,2.4192236749448086,0.8145645796750863,0.0336503181744785,classE
5.296974721702269,1.1751695892941019,-0.050244844783466025,1.5518736749448088,0.8045645796750861,0.013650318174478482,classB
3.762274721702269,0.878919589294102,-0.09024484478346595,1.1117736749448086,0.8145645796750863,0.05365031817447852,classC
4.525274721702269,0.940119589294102,-0.020244844783466,1.2989236749448088,0.8045645796750861,-0.016349681825521545,classD
4.55207472170227,1.0205695892941018,-0.050244844783466025,1.3428236749448086,0.8145645796750863,0.013650318174478482,classB
4.697024721702269,0.901669589294102,0.009755155216534028,1.3125236749448086,0.8145645796750863,-0.04634968182552157,classD
4.802624721702269,1.121069589294102,-0.11024484478346597,1.3959736749448086,0.8045645796750861,0.06365031817447853,classA
4.663574721702269,0.965769589294102,-0.020244844783466,1.3419236749448087,0.8145645796750863,-0.016349681825521545,classD
4.816424721702269,1.116219589294102,-0.08024484478346594,1.4206736749448086,0.8045645796750861,0.04365031817447851,classB
4.589724721702269,0.8542695892941019,0.029755155216534046,1.2797736749448085,0.8145645796750863,-0.07634968182552149,classD
4.02612472170227,0.986569589294102,-0.12024484478346598,1.2176236749448086,0.8145645796750863,0.07365031817447854,classC
8.072024721702268,1.753069589294102,-0.030244844783466007,2.3593236749448088,0.8145645796750863,0.003650318174478473,classE
5.80087472170227,1.3550695892941023,-0.08024484478346594,1.7319236749448086,0.8145645796750863,0.04365031817447851,classB
5.162024721702269,1.154469589294102,-0.07024484478346593,1.4895736749448087,0.8045645796750861,0.0336503181744785,classA
4.034274721702269,0.929019589294102,-0.07024484478346593,1.1984236749448085,0.8145645796750863,0.0336503181744785,classC
4.82152472170227,1.036519589294102,-0.030244844783466007,1.4080736749448086,0.8145645796750863,0.003650318174478473,classD
5.69767472170227,1.265069589294102,-0.050244844783466025,1.6792236749448088,0.8145645796750863,0.013650318174478482,classB
4.021724721702269,0.898169589294102,-0.050244844783466025,1.1824736749448086,0.8045645796750861,0.013650318174478482,classD
4.26502472170227,1.026369589294102,-0.10024484478346596,1.2884236749448086,0.8145645796750863,0.05365031817447852,classC
4.283574721702269,0.986219589294102,-0.07024484478346593,1.2662236749448086,0.8145645796750863,0.0336503181744785,classC
5.416874721702269,1.207419589294102,-0.06024484478346592,1.5770236749448088,0.8045645796750861,0.02365031817447849,classB
4.545324721702269,0.918869589294102,-0.01024484478346599,1.2880736749448087,0.8045645796750861,-0.026349681825521554,classD
8.17437472170227,1.840569589294102,-0.07024484478346593,2.3700236749448087,0.7945645796750863,0.02365031817447849,classE
4.792924721702269,0.973769589294102,-0.01024484478346599,1.3722736749448086,0.8145645796750863,-0.026349681825521554,classD
3.769774721702269,1.002769589294102,-0.22024484478346595,1.1517236749448085,0.8145645796750863,0.13365031817447848,classC
3.7913747217022693,0.9094695892941018,-0.10024484478346596,1.1435736749448084,0.8145645796750863,0.05365031817447852,classC
6.046974721702269,1.253869589294102,-0.050244844783466025,1.6686736749448088,0.8045645796750861,0.013650318174478482,classA
8.33707472170227,2.000169589294102,-0.10024484478346596,2.4990736749448086,0.8145645796750863,0.06365031817447853,classE
4.576374721702269,1.0787695892941018,-0.150244844783466,1.2942736749448087,0.8045645796750861,0.09365031817447844,classA
5.5776747217022695,1.290469589294102,-0.08024484478346594,1.6515236749448088,0.8145645796750863,0.04365031817447851,classA
3.9512747217022697,0.9603695892941019,-0.12024484478346598,1.1845236749448085,0.8145645796750863,0.07365031817447854,classC
5.339924721702269,1.304869589294102,-0.18024484478346603,1.5401236749448088,0.8045645796750861,0.11365031817447846,classA
4.162324721702269,1.032669589294102,-0.140244844783466,1.2506736749448086,0.8145645796750863,0.09365031817447844,classC
3.925174721702269,0.794019589294102,-0.0002448447834659806,1.1270236749448086,0.8145645796750863,-0.03634968182552156,classD
5.12632472170227,1.300519589294102,-0.22024484478346595,1.4877236749448088,0.8045645796750861,0.13365031817447848,classA
5.228624721702269,1.2214695892941019,-0.09024484478346595,1.5484236749448086,0.8145645796750863,0.04365031817447851,classB
4.05932472170227,0.7875195892941019,0.009755155216534028,1.1387736749448087,0.8045645796750861,-0.04634968182552157,classD
4.874774721702269,1.126419589294102,-0.07024484478346593,1.4522236749448085,0.8045645796750861,0.0336503181744785,classB
3.7296247217022693,0.9420695892941019,-0.150244844783466,1.1298236749448085,0.8145645796750863,0.09365031817447844,classC
4.267274721702269,0.9567695892941019,-0.10024484478346596,1.1966236749448087,0.8045645796750861,0.06365031817447853,classA
3.8677747217022693,0.968769589294102,-0.140244844783466,1.1769236749448087,0.8145645796750863,0.08365031817447843,classC
3.9277747217022694,0.940419589294102,-0.10024484478346596,1.1827736749448086,0.8145645796750863,0.06365031817447853,classC
3.990924721702269,0.961219589294102,-0.11024484478346597,1.1986236749448087,0.8145645796750863,0.06365031817447853,classC
3.9950247217022694,0.9048695892941019,-0.11024484478346597,1.1231236749448086,0.8045645796750861,0.07365031817447854,classC
5.09807472170227,1.098419589294102,-0.030244844783466007,1.4818236749448088,0.8145645796750863,0.003650318174478473,classB
5.369174721702269,1.224819589294102,-0.06024484478346592,1.5917236749448087,0.8145645796750863,0.0336503181744785,classB
5.095424721702269,1.132369589294102,-0.050244844783466025,1.4920736749448087,0.8145645796750863,0.013650318174478482,classB
3.8144747217022696,0.8653195892941019,-0.07024484478346593,1.1141736749448086,0.8045645796750861,0.0336503181744785,classC
5.65342472170227,1.263169589294102,-0.12024484478346598,1.5554736749448088,0.8045645796750861,0.07365031817447854,classA
5.824174721702269,1.2630195892941019,-0.040244844783466016,1.6958736749448087,0.8045645796750861,0.003650318174478473,classB
3.9815247217022693,0.8606695892941019,-0.040244844783466016,1.1527736749448085,0.8045645796750861,0.013650318174478482,classD
5.1047247217022695,1.187519589294102,-0.08024484478346594,1.5234236749448087,0.8145645796750863,0.04365031817447851,classB
4.373474721702269,0.878769589294102,-0.0002448447834659806,1.2429236749448085,0.8145645796750863,-0.03634968182552156,classD
5.51462472170227,1.1036195892941019,-0.050244844783466025,1.4538236749448086,0.7945645796750863,0.02365031817447849,classA
3.7263247217022695,0.9187695892941019,-0.12024484478346598,1.1359736749448086,0.8145645796750863,0.07365031817447854,classC
5.651774721702269,1.247319589294102,-0.10024484478346596,1.5621236749448086,0.8045645796750861,0.06365031817447853,classA
5.60107472170227,1.281419589294102,-0.07024484478346593,1.6610236749448086,0.8145645796750863,0.0336503181744785,classB
4.104124721702269,0.9852195892941019,-0.09024484478346595,1.2433736749448085,0.8145645796750863,0.05365031817447852,classC
4.82747472170227,0.928119589294102,0.009755155216534028,1.3467736749448087,0.8045645796750861,-0.05634968182552147,classD
3.783424721702269,0.918869589294102,-0.11024484478346597,1.1448736749448087,0.8145645796750863,0.06365031817447853,classC
5.072424721702269,1.213819589294102,-0.140244844783466,1.4763736749448089,0.8145645796750863,0.08365031817447843,classA
5.071324721702269,1.146669589294102,-0.07024484478346593,1.4830736749448088,0.8145645796750863,0.0336503181744785,classB
3.8006747217022694,0.9440695892941019,-0.140244844783466,1.1448736749448087,0.8145645796750863,0.08365031817447843,classC
4.259524721702269,0.928469589294102,-0.040244844783466016,1.2384736749448086,0.8045645796750861,0.003650318174478473,classD
4.032824721702269,0.907169589294102,-0.050244844783466025,1.1940736749448084,0.8145645796750863,0.02365031817447849,classC
6.031424721702269,1.336369589294102,-0.06024484478346592,1.7395236749448089,0.7945645796750863,0.02365031817447849,classB
4.77312472170227,1.0799195892941018,-0.06024484478346592,1.4132236749448088,0.8145645796750863,0.02365031817447849,classB
5.495724721702269,1.237369589294102,-0.06024484478346592,1.6156236749448087,0.8045645796750861,0.02365031817447849,classB
3.8543747217022695,0.9075695892941019,-0.12024484478346598,1.1173236749448086,0.8045645796750861,0.07365031817447854,classC
4.62367472170227,1.0863695892941019,-0.12024484478346598,1.3376736749448088,0.8045645796750861,0.07365031817447854,classA
5.188174721702269,1.159619589294102,-0.06024484478346592,1.5168236749448087,0.8145645796750863,0.02365031817447849,classB
4.658924721702269,0.946219589294102,-0.01024484478346599,1.3222736749448085,0.8145645796750863,-0.026349681825521554,classD
4.5940747217022695,1.048719589294102,-0.11024484478346597,1.3048736749448089,0.8045645796750861,0.06365031817447853,classA
3.398524721702269,0.8116195892941019,-0.09024484478346595,1.0277236749448087,0.8145645796750863,0.05365031817447852,classC
3.7936747217022697,0.927469589294102,-0.11024484478346597,1.1480236749448087,0.8145645796750863,0.07365031817447854,classC
4.52387472170227,0.8607195892941019,0.019755155216534037,1.2680236749448086,0.8145645796750863,-0.05634968182552147,classD
5.841474721702269,1.2940695892941019,-0.050244844783466025,1.7135236749448086,0.8045645796750861,0.013650318174478482,classB
4.849524721702269,1.0520695892941019,-0.06024484478346592,1.3764236749448089,0.8045645796750861,0.02365031817447849,classA
5.21592472170227,1.188269589294102,-0.06024484478346592,1.5515736749448086,0.8045645796750861,0.02365031817447849,classB
6.11337472170227,1.328319589294102,-0.030244844783466007,1.7902236749448088,0.8145645796750863,0.003650318174478473,classB
5.5776747217022695,1.231819589294102,-0.06024484478346592,1.6014736749448089,0.8145645796750863,0.0336503181744785,classA
4.498874721702269,0.9511695892941019,-0.020244844783466,1.3016236749448087,0.8145645796750863,-0.006349681825521536,classD
4.300674721702269,0.8678695892941019,-0.0002448447834659806,1.2249736749448086,0.8045645796750861,-0.03634968182552156,classD
5.027224721702269,1.130269589294102,-0.07024484478346593,1.4648736749448088,0.8045645796750861,0.0336503181744785,classA
4.83057472170227,0.9232195892941019,-0.01024484478346599,1.2897236749448087,0.8045645796750861,-0.026349681825521554,classD
5.709974721702269,1.101319589294102,-0.040244844783466016,1.4821736749448087,0.8045645796750861,0.003650318174478473,classA
5.42482472170227,1.1612695892941018,-0.030244844783466007,1.5739736749448088,0.8045645796750861,-0.006349681825521536,classB
4.514624721702269,0.921419589294102,-0.01024484478346599,1.2934736749448086,0.8145645796750863,-0.026349681825521554,classD
5.995524721702269,1.4207695892941021,-0.13024484478346599,1.7353736749448085,0.8145645796750863,0.08365031817447843,classA
5.6946747217022695,1.255569589294102,-0.040244844783466016,1.6721236749448087,0.8045645796750861,0.003650318174478473,classB
4.74152472170227,0.989869589294102,-0.020244844783466,1.3735236749448085,0.8145645796750863,-0.016349681825521545,classD
5.401324721702269,1.228769589294102,-0.11024484478346597,1.5200736749448085,0.8045645796750861,0.06365031817447853,classA
5.269524721702269,1.2071195892941018,-0.13024484478346599,1.4714736749448087,0.8045645796750861,0.08365031817447843,classA
5.9126747217022695,1.3631695892941023,-0.20024484478346594,1.5755736749448088,0.8045645796750861,0.12365031817447847,classA
5.191324721702269,1.160269589294102,-0.06024484478346592,1.5034736749448085,0.7945645796750863,0.02365031817447849,classB
4.47697472170227,0.8875195892941019,0.009755155216534028,1.2738236749448086,0.8045645796750861,-0.04634968182552157,classD
4.057624721702269,0.9342695892941019,-0.07024484478346593,1.2121236749448085,0.8145645796750863,0.0336503181744785,classC
4.244274721702269,1.041919589294102,-0.12024484478346598,1.2829236749448087,0.8145645796750863,0.07365031817447854,classC
5.062624721702269,1.097569589294102,-0.06024484478346592,1.4335236749448086,0.8045645796750861,0.0336503181744785,classA
4.594924721702269,0.914169589294102,-0.0002448447834659806,1.3012736749448086,0.8145645796750863,-0.03634968182552156,classD
3.9900747217022694,0.9905195892941019,-0.12024484478346598,1.2199236749448086,0.8145645796750863,0.07365031817447854,classC
3.7463247217022695,0.907319589294102,-0.11024484478346597,1.1254736749448084,0.8145645796750863,0.07365031817447854,classC
4.008774721702269,0.9528695892941019,-0.09024484478346595,1.2052236749448086,0.8145645796750863,0.05365031817447852,classC
4.314474721702269,0.8869195892941019,-0.01024484478346599,1.2438236749448086,0.8145645796750863,-0.026349681825521554,classD
4.2396747217022694,1.0371195892941019,-0.12024484478346598,1.2625736749448087,0.8045645796750861,0.07365031817447854,classC
3.707224721702269,0.901269589294102,-0.10024484478346596,1.1259236749448085,0.8145645796750863,0.06365031817447853,classC
5.091624721702269,1.245819589294102,-0.17024484478346602,1.4761236749448088,0.8045645796750861,0.11365031817447846,classA
4.20302472170227,1.049169589294102,-0.140244844783466,1.2756236749448084,0.8145645796750863,0.08365031817447843,classC
5.155674721702269,1.029519589294102,-0.0002448447834659806,1.4700736749448087,0.8145645796750863,-0.03634968182552156,classD
5.0563247217022695,1.161569589294102,-0.160244844783466,1.3859736749448086,0.8045645796750861,0.10365031817447845,classA
4.0510247217022695,0.9472695892941019,-0.09024484478346595,1.1933236749448086,0.8145645796750863,0.05365031817447852,classC
4.431074721702269,1.008419589294102,-0.11024484478346597,1.2525236749448085,0.8045645796750861,0.07365031817447854,classA
5.444324721702269,1.1400195892941019,-0.040244844783466016,1.513223674944809,0.8045645796750861,0.013650318174478482,classD
4.5308247217022695,0.933119589294102,-0.01024484478346599,1.3053736749448086,0.8045645796750861,-0.026349681825521554,classD
4.12737472170227,0.8159695892941019,0.009755155216534028,1.1853736749448087,0.8145645796750863,-0.04634968182552157,classD
5.054574721702269,1.159119589294102,-0.11024484478346597,1.441373674944809,0.8045645796750861,0.07365031817447854,classA
4.019174721702269,0.978569589294102,-0.12024484478346598,1.2111736749448085,0.8145645796750863,0.07365031817447854,classC
3.7637247217022693,0.8956195892941019,-0.10024484478346596,1.1213736749448087,0.8145645796750863,0.06365031817447853,classC
3.7778747217022692,0.9283695892941018,-0.13024484478346599,1.1310736749448085,0.8145645796750863,0.08365031817447843,classC
4.938274721702269,1.034169589294102,-0.020244844783466,1.4256236749448086,0.8145645796750863,-0.016349681825521545,classD
4.149524721702269,0.983919589294102,-0.09024484478346595,1.2427736749448086,0.8145645796750863,0.05365031817447852,classC
5.76362472170227,1.270219589294102,-0.10024484478346596,1.5936236749448087,0.8045645796750861,0.06365031817447853,classA
5.109074721702269,1.114919589294102,-0.040244844783466016,1.4903236749448086,0.8045645796750861,0.013650318174478482,classB
4.462924721702269,0.8591195892941019,0.009755155216534028,1.2587236749448085,0.8145645796750863,-0.05634968182552147,classD
5.559874721702269,1.207769589294102,-0.040244844783466016,1.6227236749448088,0.8145645796750863,0.003650318174478473,classB
3.90052472170227,0.9313195892941019,-0.10024484478346596,1.1664736749448086,0.8145645796750863,0.06365031817447853,classD
5.671174721702269,1.397519589294102,-0.22024484478346595,1.6086736749448087,0.8045645796750861,0.13365031817447848,classA
5.040074721702269,1.086269589294102,-0.06024484478346592,1.4155736749448087,0.8045645796750861,0.0336503181744785,classA
3.9850747217022695,0.8255195892941019,-0.020244844783466,1.1470236749448086,0.8145645796750863,-0.016349681825521545,classD
5.613974721702269,1.239369589294102,-0.050244844783466025,1.6399236749448087,0.8145645796750863,0.013650318174478482,classB
4.227974721702269,0.9785195892941019,-0.11024484478346597,1.2133236749448086,0.8045645796750861,0.07365031817447854,classA
5.19647472170227,1.001069589294102,-0.0002448447834659806,1.4206736749448086,0.8045645796750861,-0.03634968182552156,classD
5.21732472170227,1.170369589294102,-0.050244844783466025,1.5391236749448085,0.8045645796750861,0.02365031817447849,classB
5.39587472170227,1.255169589294102,-0.13024484478346599,1.5290736749448086,0.8045645796750861,0.08365031817447843,classA
5.372924721702269,1.0943195892941018,-0.020244844783466,1.5155736749448088,0.8145645796750863,-0.016349681825521545,classD
4.54052472170227,0.9033695892941018,-0.0002448447834659806,1.2797736749448085,0.8045645796750861,-0.026349681825521554,classD
3.7078747217022694,0.8550695892941019,-0.07024484478346593,1.1056736749448086,0.8145645796750863,0.0336503181744785,classC
4.10997472170227,0.800419589294102,0.009755155216534028,1.1651736749448087,0.8145645796750863,-0.05634968182552147,classD
4.523674721702269,0.8516195892941019,0.019755155216534037,1.2569736749448086,0.8145645796750863,-0.05634968182552147,classD
5.81712472170227,1.305019589294102,-0.160244844783466,1.5537736749448086,0.8045645796750861,0.10365031817447845,classA
4.4397247217022695,0.827669589294102,0.029755155216534046,1.2436236749448086,0.8145645796750863,-0.06634968182552148,classD
5.151324721702269,1.1946195892941018,-0.07024484478346593,1.5392236749448087,0.8145645796750863,0.0336503181744785,classB
5.11307472170227,1.153019589294102,-0.09024484478346595,1.4608736749448088,0.8145645796750863,0.05365031817447852,classA
5.31102472170227,1.2215695892941019,-0.09024484478346595,1.545423674944809,0.8145645796750863,0.05365031817447852,classA
3.6347247217022693,0.8602195892941019,-0.10024484478346596,1.0807236749448086,0.8045645796750861,0.06365031817447853,classD
5.34617472170227,1.149319589294102,-0.030244844783466007,1.5640236749448087,0.8145645796750863,-0.006349681825521536,classB
4.55437472170227,0.945319589294102,-0.01024484478346599,1.3210736749448089,0.8145645796750863,-0.026349681825521554,classD
5.49487472170227,1.179919589294102,-0.030244844783466007,1.5921736749448088,0.8145645796750863,0.003650318174478473,classB
3.9906247217022695,0.9730695892941018,-0.12024484478346598,1.1989736749448086,0.8145645796750863,0.07365031817447854,classC
3.5434747217022693,0.923719589294102,-0.19024484478346593,1.0842236749448084,0.8145645796750863,0.11365031817447846,classC
4.067824721702269,0.9361195892941019,-0.07024484478346593,1.2072736749448085,0.8145645796750863,0.04365031817447851,classC
4.056874721702269,0.9460195892941019,-0.09024484478346595,1.1993236749448086,0.8045645796750861,0.04365031817447851,classC
4.289674721702269,0.956569589294102,-0.050244844783466025,1.2701736749448087,0.8145645796750863,0.013650318174478482,classC
5.2541247217022695,1.284619589294102,-0.13024484478346599,1.5603236749448086,0.8145645796750863,0.08365031817447843,classA
5.280774721702269,1.155119589294102,-0.050244844783466025,1.5237736749448088,0.7945645796750863,0.013650318174478482,classB
4.91562472170227,1.195119589294102,-0.140244844783466,1.4479236749448088,0.8145645796750863,0.08365031817447843,classA
4.827424721702269,0.9437695892941019,0.009755155216534028,1.3687736749448087,0.8145645796750863,-0.04634968182552157,classD
3.8079247217022694,0.8855195892941019,-0.08024484478346594,1.1323736749448086,0.8145645796750863,0.04365031817447851,classC
5.027824721702269,0.9933195892941019,-0.0002448447834659806,1.4265736749448086,0.8145645796750863,-0.04634968182552157,classD
5.200074721702269,1.166269589294102,-0.050244844783466025,1.5308236749448088,0.8045645796750861,0.013650318174478482,classB
4.940524721702269,0.947019589294102,0.019755155216534037,1.3947736749448085,0.8145645796750863,-0.05634968182552147,classD
4.93207472170227,0.9496195892941018,0.009755155216534028,1.3816236749448085,0.8145645796750863,-0.04634968182552157,classD
4.7468747217022695,0.982619589294102,-0.01024484478346599,1.3718736749448086,0.8145645796750863,-0.026349681825521554,classD
3.582274721702269,0.8511695892941019,-0.09024484478346595,1.0800236749448087,0.8145645796750863,0.05365031817447852,classC
4.00737472170227,0.890769589294102,-0.06024484478346592,1.1449236749448086,0.7845645796750861,0.02365031817447849,classD
4.136674721702269,0.827919589294102,-0.0002448447834659806,1.1884236749448085,0.8145645796750863,-0.03634968182552156,classD
3.5558747217022693,0.8445695892941019,-0.10024484478346596,1.0574236749448085,0.8045645796750861,0.06365031817447853,classC
4.773974721702269,1.112619589294102,-0.09024484478346595,1.4061736749448088,0.8145645796750863,0.05365031817447852,classB
4.58442472170227,0.9230695892941019,-0.0002448447834659806,1.3231736749448086,0.8145645796750863,-0.03634968182552156,classD
4.596874721702269,0.9137695892941019,0.009755155216534028,1.3178736749448086,0.8145645796750863,-0.04634968182552157,classD
4.19677472170227,0.8329695892941019,0.009755155216534028,1.1981736749448086,0.8145645796750863,-0.04634968182552157,classD
3.8789747217022694,0.9686695892941019,-0.140244844783466,1.1788236749448087,0.8145645796750863,0.08365031817447843,classC
4.979424721702269,1.167019589294102,-0.08024484478346594,1.4856236749448086,0.8045645796750861,0.04365031817447851,classB
4.061424721702269,0.8780695892941018,-0.030244844783466007,1.1878736749448087,0.8145645796750863,0.003650318174478473,classC
4.191074721702269,0.999519589294102,-0.10024484478346596,1.2582236749448086,0.8145645796750863,0.06365031817447853,classC
4.957324721702269,1.1407195892941018,-0.08024484478346594,1.4531236749448087,0.8045645796750861,0.04365031817447851,classB
4.379024721702269,1.039669589294102,-0.10024484478346596,1.3097236749448087,0.8145645796750863,0.05365031817447852,classC
5.46137472170227,1.266519589294102,-0.08024484478346594,1.6063236749448087,0.8045645796750861,0.04365031817447851,classB
4.94377472170227,1.0719195892941018,-0.050244844783466025,1.4201236749448087,0.8145645796750863,0.013650318174478482,classB
5.134974721702269,1.1331695892941018,-0.050244844783466025,1.4970736749448088,0.8145645796750863,0.013650318174478482,classB
4.9042747217022695,0.963419589294102,0.009755155216534028,1.3968236749448086,0.8145645796750863,-0.04634968182552157,classD
4.395974721702269,0.863969589294102,0.009755155216534028,1.2577736749448085,0.8145645796750863,-0.04634968182552157,classD
6.026974721702269,1.390819589294102,-0.13024484478346599,1.6969736749448088,0.8045645796750861,0.08365031817447843,classA
5.338874721702269,1.192119589294102,-0.09024484478346595,1.5031236749448087,0.8045645796750861,0.05365031817447852,classA
8.175624721702269,1.8226195892941022,-0.06024484478346592,2.393373674944809,0.8145645796750863,0.02365031817447849,classE
3.8174247217022694,0.922619589294102,-0.11024484478346597,1.1463236749448087,0.8145645796750863,0.06365031817447853,classC
5.01282472170227,0.9128195892941019,0.019755155216534037,1.3561736749448088,0.8045645796750861,-0.06634968182552148,classD
5.872024721702269,1.286169589294102,-0.040244844783466016,1.722923674944809,0.8145645796750863,0.003650318174478473,classB
5.26337472170227,1.222919589294102,-0.07024484478346593,1.5725736749448087,0.8145645796750863,0.04365031817447851,classB
4.083124721702269,1.007519589294102,-0.12024484478346598,1.2391236749448087,0.8145645796750863,0.07365031817447854,classC
5.159374721702269,1.2152195892941018,-0.17024484478346602,1.4412236749448086,0.8045645796750861,0.10365031817447845,classA
5.646874721702269,1.240769589294102,-0.040244844783466016,1.6581736749448086,0.8145645796750863,0.003650318174478473,classB
4.236024721702269,1.050819589294102,-0.150244844783466,1.2599236749448086,0.8045645796750861,0.09365031817447844,classC
4.106074721702269,1.050969589294102,-0.160244844783466,1.2573736749448086,0.8145645796750863,0.10365031817447845,classC
4.8391247217022695,0.7877195892941019,0.019755155216534037,1.1695736749448087,0.7845645796750861,-0.06634968182552148,classD
5.849874721702269,1.2984695892941023,-0.09024484478346595,1.6348736749448087,0.8045645796750861,0.05365031817447852,classA
3.8614247217022695,0.933469589294102,-0.10024484478346596,1.1683736749448086,0.8145645796750863,0.06365031817447853,classC
3.5609247217022695,0.8894195892941019,-0.140244844783466,1.0830736749448087,0.8145645796750863,0.08365031817447843,classC
3.981024721702269,0.9609695892941019,-0.10024484478346596,1.2041736749448086,0.8145645796750863,0.06365031817447853,classC
6.74087472170227,1.7019695892941022,-0.160244844783466,2.029223674944809,0.8145645796750863,0.10365031817447845,classE
6.019124721702269,1.3162695892941019,-0.030244844783466007,1.7752236749448087,0.8145645796750863,0.003650318174478473,classB
5.2061247217022695,1.245269589294102,-0.12024484478346598,1.5386236749448088,0.8145645796750863,0.07365031817447854,classA
4.91717472170227,0.9960695892941019,-0.020244844783466,1.3831236749448086,0.8045645796750861,-0.016349681825521545,classD
5.2301247217022695,1.1250695892941018,-0.10024484478346596,1.4138236749448085,0.8045645796750861,0.05365031817447852,classA
3.497274721702269,0.8401695892941019,-0.10024484478346596,1.0508736749448087,0.8145645796750863,0.06365031817447853,classC
5.637974721702269,1.234769589294102,-0.040244844783466016,1.6516736749448089,0.8045645796750861,0.003650318174478473,classB
5.58357472170227,1.313419589294102,-0.10024484478346596,1.6491236749448086,0.8145645796750863,0.06365031817447853,classA
4.309574721702269,0.9901695892941019,-0.07024484478346593,1.2769736749448084,0.8145645796750863,0.0336503181744785,classC
5.14582472170227,1.165619589294102,-0.09024484478346595,1.4717736749448087,0.8045645796750861,0.05365031817447852,classA
3.565474721702269,0.8697195892941019,-0.12024484478346598,1.0775736749448086,0.8145645796750863,0.07365031817447854,classC
4.791224721702269,0.9633695892941019,-0.01024484478346599,1.3612736749448087,0.8145645796750863,-0.026349681825521554,classD
4.96367472170227,1.080119589294102,-0.040244844783466016,1.4208236749448089,0.7845645796750861,0.003650318174478473,classD
4.227174721702269,0.9806695892941019,-0.08024484478346594,1.2560236749448086,0.8145645796750863,0.04365031817447851,classC
4.520224721702269,0.8692695892941019,0.019755155216534037,1.2842736749448087,0.8145645796750863,-0.05634968182552147,classD
4.897274721702269,1.1438195892941019,-0.08024484478346594,1.4574736749448087,0.8145645796750863,0.04365031817447851,classB
5.88122472170227,1.1817695892941018,-0.06024484478346592,1.5515236749448087,0.8045645796750861,0.02365031817447849,classA
4.430224721702269,1.0606695892941018,-0.10024484478346596,1.3246236749448088,0.8045645796750861,0.06365031817447853,classC
5.503074721702269,1.287519589294102,-0.11024484478346597,1.5929236749448088,0.8045645796750861,0.07365031817447854,classA
4.93192472170227,1.0259695892941019,-0.020244844783466,1.4279736749448089,0.8145645796750863,-0.016349681825521545,classD
5.2975747217022695,1.133469589294102,-0.040244844783466016,1.5252236749448087,0.8145645796750863,0.003650318174478473,classA
4.764724721702269,0.9856695892941019,-0.020244844783466,1.3678236749448087,0.8145645796750863,-0.016349681825521545,classD
5.113974721702269,0.990919589294102,0.009755155216534028,1.4384736749448086,0.8145645796750863,-0.04634968182552157,classD
4.32562472170227,0.988569589294102,-0.06024484478346592,1.2882236749448088,0.8145645796750863,0.0336503181744785,classC
4.4572747217022695,0.8755695892941019,-0.0002448447834659806,1.2411236749448087,0.8145645796750863,-0.026349681825521554,classD
3.7420247217022693,0.9171195892941019,-0.11024484478346597,1.1406236749448084,0.8145645796750863,0.07365031817447854,classC
4.915074721702269,1.113669589294102,-0.06024484478346592,1.4547236749448087,0.8045645796750861,0.02365031817447849,classB
4.2327747217022695,1.031469589294102,-0.11024484478346597,1.2772736749448084,0.8145645796750863,0.07365031817447854,classC
4.82177472170227,0.923469589294102,0.019755155216534037,1.3592236749448088,0.8145645796750863,-0.05634968182552147,classD
5.95207472170227,1.321319589294102,-0.12024484478346598,1.6322236749448087,0.8045645796750861,0.07365031817447854,classA
3.9170247217022696,0.9471195892941019,-0.11024484478346597,1.1751736749448087,0.8145645796750863,0.07365031817447854,classC
4.76092472170227,0.9448695892941019,0.009755155216534028,1.3640236749448087,0.8145645796750863,-0.04634968182552157,classD
4.917024721702269,0.9769695892941018,-0.0002448447834659806,1.3907236749448089,0.8145645796750863,-0.03634968182552156,classD
5.0128747217022696,1.160269589294102,-0.08024484478346594,1.484173674944809,0.8145645796750863,0.04365031817447851,classA
3.92492472170227,0.977469589294102,-0.13024484478346599,1.1908236749448087,0.8145645796750863,0.08365031817447843,classC
5.573174721702269,1.247319589294102,-0.050244844783466025,1.6488736749448087,0.8145645796750863,0.013650318174478482,classB
4.0449247217022695,1.0083695892941018,-0.13024484478346599,1.2310236749448087,0.8145645796750863,0.08365031817447843,classC
4.0357747217022695,0.9693195892941019,-0.10024484478346596,1.2125736749448086,0.8145645796750863,0.06365031817447853,classC
5.217624721702269,0.9827195892941019,-0.0002448447834659806,1.4005736749448088,0.8045645796750861,-0.03634968182552156,classD
3.8069247217022695,0.8464695892941019,-0.06024484478346592,1.1144736749448085,0.8145645796750863,0.02365031817447849,classC
5.12027472170227,1.262869589294102,-0.17024484478346602,1.4974236749448087,0.8045645796750861,0.10365031817447845,classA
7.05092472170227,1.7709695892941022,-0.160244844783466,2.107023674944809,0.8145645796750863,0.10365031817447845,classE
4.75562472170227,1.1498195892941019,-0.11024484478346597,1.4297236749448086,0.8145645796750863,0.06365031817447853,classB
5.054724721702269,1.1672695892941019,-0.12024484478346598,1.4433736749448087,0.8045645796750861,0.07365031817447854,classA
5.368174721702269,1.138119589294102,-0.030244844783466007,1.5458736749448088,0.8045645796750861,-0.006349681825521536,classB
4.466974721702269,0.898569589294102,-0.0002448447834659806,1.2882736749448087,0.8145645796750863,-0.03634968182552156,classD
5.23847472170227,1.134369589294102,-0.08024484478346594,1.4522236749448085,0.8045645796750861,0.04365031817447851,classA
5.365224721702269,1.161219589294102,-0.050244844783466025,1.5381736749448087,0.8145645796750863,0.02365031817447849,classA
7.67127472170227,1.711369589294102,-0.06024484478346592,2.236023674944809,0.8145645796750863,0.02365031817447849,classE
3.8822247217022694,0.963569589294102,-0.13024484478346599,1.1810236749448086,0.8145645796750863,0.07365031817447854,classC
3.878324721702269,0.9033195892941019,-0.07024484478346593,1.1635236749448086,0.8145645796750863,0.04365031817447851,classC
3.9935247217022694,0.9779695892941019,-0.140244844783466,1.1834236749448086,0.8045645796750861,0.08365031817447843,classC
4.123124721702269,0.940269589294102,-0.08024484478346594,1.1975236749448086,0.8045645796750861,0.04365031817447851,classC
5.769524721702269,1.3213695892941022,-0.12024484478346598,1.6266736749448087,0.8045645796750861,0.07365031817447854,classA
5.58332472170227,1.1743195892941019,-0.020244844783466,1.6214736749448087,0.8145645796750863,-0.016349681825521545,classB
5.675274721702269,1.256269589294102,-0.050244844783466025,1.659473674944809,0.8045645796750861,0.013650318174478482,classB
3.9213247217022693,0.9580195892941019,-0.11024484478346597,1.1885736749448086,0.8145645796750863,0.06365031817447853,classC
4.753074721702269,1.006069589294102,-0.030244844783466007,1.3567736749448087,0.8045645796750861,-0.006349681825521536,classB
5.385474721702269,1.211919589294102,-0.06024484478346592,1.5750236749448085,0.8045645796750861,0.02365031817447849,classB
4.67977472170227,0.9489195892941019,-0.0002448447834659806,1.3409236749448086,0.8145645796750863,-0.03634968182552156,classD
5.551724721702269,1.1355695892941018,-0.050244844783466025,1.4930736749448088,0.8045645796750861,0.02365031817447849,classA
4.73842472170227,1.114969589294102,-0.160244844783466,1.3311236749448088,0.8045645796750861,0.10365031817447845,classA
4.20752472170227,1.0712195892941019,-0.150244844783466,1.2854736749448088,0.8145645796750863,0.09365031817447844,classC
4.0971247217022695,0.9792195892941019,-0.09024484478346595,1.2324736749448086,0.8145645796750863,0.05365031817447852,classC
4.750124721702269,0.9324195892941018,0.009755155216534028,1.3512736749448087,0.8145645796750863,-0.04634968182552157,classD
3.8755247217022695,0.9053695892941019,-0.08024484478346594,1.1624236749448087,0.8145645796750863,0.04365031817447851,classC
4.866624721702269,1.033569589294102,-0.08024484478346594,1.3172736749448086,0.8045645796750861,0.04365031817447851,classA
3.6740247217022692,0.9080695892941019,-0.12024484478346598,1.1200236749448087,0.8145645796750863,0.07365031817447854,classC
4.595424721702269,0.901519589294102,0.009755155216534028,1.2980236749448089,0.8145645796750863,-0.04634968182552157,classD
3.930974721702269,0.924369589294102,-0.09024484478346595,1.1724236749448087,0.8145645796750863,0.05365031817447852,classC
4.36652472170227,1.001469589294102,-0.07024484478346593,1.2975736749448086,0.8045645796750861,0.0336503181744785,classC
4.1196247217022695,0.962619589294102,-0.07024484478346593,1.2375236749448086,0.8145645796750863,0.0336503181744785,classC
4.912424721702269,1.1257195892941019,-0.07024484478346593,1.4471236749448086,0.8145645796750863,0.0336503181744785,classB
5.53647472170227,1.1914695892941018,-0.07024484478346593,1.5338736749448088,0.8045645796750861,0.04365031817447851,classA
4.98802472170227,1.1258195892941019,-0.160244844783466,1.3462736749448085,0.8045645796750861,0.09365031817447844,classA
5.52722472170227,1.063669589294102,0.009755155216534028,1.5516736749448088,0.8145645796750863,-0.04634968182552157,classD
5.544324721702269,1.215919589294102,-0.040244844783466016,1.6323736749448088,0.8145645796750863,0.003650318174478473,classB
3.9573747217022697,0.941069589294102,-0.09024484478346595,1.1905236749448087,0.8145645796750863,0.05365031817447852,classC
5.245674721702269,1.018219589294102,0.009755155216534028,1.477023674944809,0.8145645796750863,-0.05634968182552147,classD
3.8250747217022694,0.9130195892941019,-0.10024484478346596,1.1508236749448086,0.8145645796750863,0.05365031817447852,classC
3.886024721702269,0.8736195892941019,-0.050244844783466025,1.1554736749448085,0.8145645796750863,0.02365031817447849,classC
4.07112472170227,0.898869589294102,-0.050244844783466025,1.1963236749448085,0.8145645796750863,0.013650318174478482,classC
4.22737472170227,0.950119589294102,-0.06024484478346592,1.2442236749448086,0.8045645796750861,0.02365031817447849,classC
4.119274721702269,0.936069589294102,-0.07024484478346593,1.2153736749448085,0.8045645796750861,0.0336503181744785,classC
5.843824721702269,1.3069195892941021,-0.050244844783466025,1.7184736749448086,0.8145645796750863,0.02365031817447849,classB
5.361774721702269,1.2378695892941018,-0.08024484478346594,1.5747736749448087,0.8145645796750863,0.05365031817447852,classA
4.033124721702269,0.9582195892941019,-0.09024484478346595,1.2150736749448086,0.8145645796750863,0.05365031817447852,classC
4.27492472170227,0.8359695892941019,0.009755155216534028,1.2105736749448086,0.8145645796750863,-0.04634968182552157,classD
4.499974721702269,0.908169589294102,-0.0002448447834659806,1.2981736749448087,0.8145645796750863,-0.03634968182552156,classD
5.67367472170227,1.409669589294102,-0.17024484478346602,1.6703236749448087,0.8145645796750863,0.10365031817447845,classA
5.3220247217022685,1.1588195892941018,-0.040244844783466016,1.5457736749448088,0.8045645796750861,0.003650318174478473,classB
3.935324721702269,0.898919589294102,-0.07024484478346593,1.1673736749448087,0.8145645796750863,0.0336503181744785,classC
3.8774747217022694,0.9122695892941018,-0.09024484478346595,1.1556736749448087,0.8145645796750863,0.05365031817447852,classC
4.311824721702269,0.8550195892941019,-0.0002448447834659806,1.2105736749448086,0.8045645796750861,-0.03634968182552156,classD
3.9050747217022694,0.928419589294102,-0.09024484478346595,1.1756736749448087,0.8145645796750863,0.05365031817447852,classC
5.55012472170227,1.270669589294102,-0.11024484478346597,1.5800236749448087,0.8045645796750861,0.06365031817447853,classA
5.08817472170227,1.016019589294102,-0.01024484478346599,1.4125236749448087,0.8045645796750861,-0.016349681825521545,classA
3.664724721702269,0.9278195892941019,-0.150244844783466,1.1164236749448087,0.8145645796750863,0.09365031817447844,classC
5.221574721702269,1.1771195892941018,-0.06024484478346592,1.5190736749448086,0.7845645796750861,0.013650318174478482,classB
4.154074721702269,0.9872195892941019,-0.09024484478346595,1.2513736749448086,0.8145645796750863,0.05365031817447852,classC
3.8279747217022693,0.916669589294102,-0.10024484478346596,1.1500736749448086,0.8145645796750863,0.06365031817447853,classC
5.269224721702269,1.2055695892941019,-0.07024484478346593,1.5631236749448087,0.8145645796750863,0.0336503181744785,classB
5.813224721702269,1.231819589294102,-0.030244844783466007,1.6771236749448086,0.8045645796750861,-0.006349681825521536,classB
4.50052472170227,0.8780695892941018,0.009755155216534028,1.2691736749448086,0.8145645796750863,-0.04634968182552157,classD
5.778124721702269,1.278719589294102,-0.06024484478346592,1.6586736749448088,0.7945645796750863,0.02365031817447849,classB
3.7846747217022694,0.9541195892941019,-0.17024484478346602,1.1291236749448086,0.8045645796750861,0.10365031817447845,classC
3.9745247217022692,0.9555695892941019,-0.12024484478346598,1.1767236749448085,0.8145645796750863,0.07365031817447854,classC
4.31682472170227,0.8531195892941019,0.009755155216534028,1.2378236749448086,0.8145645796750863,-0.04634968182552157,classD
5.43207472170227,1.230769589294102,-0.07024484478346593,1.5916736749448088,0.8145645796750863,0.0336503181744785,classB
4.956724721702269,1.134169589294102,-0.08024484478346594,1.4506236749448087,0.8045645796750861,0.04365031817447851,classB
3.937224721702269,1.003819589294102,-0.17024484478346602,1.1940236749448085,0.8145645796750863,0.10365031817447845,classC
4.032024721702269,0.9248695892941019,-0.07024484478346593,1.2009236749448085,0.8145645796750863,0.0336503181744785,classC
3.8157247217022694,0.9822695892941019,-0.17024484478346602,1.1689736749448085,0.8145645796750863,0.10365031817447845,classC
4.159824721702269,0.9640695892941019,-0.08024484478346594,1.2363736749448087,0.8145645796750863,0.04365031817447851,classC
4.462874721702269,0.8947695892941019,-0.0002448447834659806,1.2740736749448085,0.8145645796750863,-0.03634968182552156,classD
5.40597472170227,1.072919589294102,-0.040244844783466016,1.4432736749448087,0.7945645796750863,0.003650318174478473,classA
4.3436747217022695,0.9771195892941019,-0.050244844783466025,1.2927736749448087,0.8145645796750863,0.013650318174478482,classC
3.791424721702269,0.9319195892941019,-0.12024484478346598,1.1439236749448087,0.8145645796750863,0.07365031817447854,classC
5.35127472170227,1.186669589294102,-0.07024484478346593,1.533223674944809,0.8145645796750863,0.0336503181744785,classA
3.791074721702269,0.9396695892941019,-0.13024484478346599,1.1452236749448086,0.8145645796750863,0.08365031817447843,classC
3.9149747217022695,0.949169589294102,-0.11024484478346597,1.1814736749448087,0.8145645796750863,0.06365031817447853,classC
8.09507472170227,1.810069589294102,-0.06024484478346592,2.3536736749448086,0.8045645796750861,0.02365031817447849,classE
4.228324721702269,0.9946195892941019,-0.09024484478346595,1.2628236749448085,0.8145645796750863,0.05365031817447852,classC
4.325224721702269,0.832169589294102,0.009755155216534028,1.1978236749448086,0.8045645796750861,-0.04634968182552157,classD
4.764724721702269,0.9357695892941019,-0.0002448447834659806,1.346973674944809,0.8045645796750861,-0.04634968182552157,classD
4.920874721702269,1.027369589294102,-0.020244844783466,1.4222236749448087,0.8145645796750863,-0.016349681825521545,classD
3.979674721702269,0.9900195892941019,-0.13024484478346599,1.2116236749448086,0.8145645796750863,0.08365031817447843,classC
5.464374721702269,1.199619589294102,-0.08024484478346594,1.5359736749448087,0.8045645796750861,0.04365031817447851,classA
4.899774721702269,1.262319589294102,-0.23024484478346596,1.440723674944809,0.8145645796750863,0.1436503181744785,classA
5.33632472170227,1.175319589294102,-0.040244844783466016,1.5762736749448087,0.8145645796750863,0.003650318174478473,classB
4.68502472170227,0.9555695892941019,-0.0002448447834659806,1.3470236749448088,0.8145645796750863,-0.03634968182552156,classD
3.652724721702269,0.9358695892941019,-0.150244844783466,1.1245236749448084,0.8145645796750863,0.09365031817447844,classC
4.315924721702269,0.8669695892941018,-0.0002448447834659806,1.2321736749448085,0.8145645796750863,-0.026349681825521554,classD
5.55117472170227,1.1734695892941018,-0.08024484478346594,1.4928236749448087,0.8045645796750861,0.05365031817447852,classA
4.714574721702269,0.9459195892941019,-0.01024484478346599,1.3359736749448086,0.8145645796750863,-0.026349681825521554,classD
4.486424721702269,0.8772195892941019,-0.0002448447834659806,1.2479236749448086,0.8045645796750861,-0.03634968182552156,classD
4.998474721702269,1.0999195892941018,-0.040244844783466016,1.4661736749448087,0.8045645796750861,0.013650318174478482,classB
4.03267472170227,0.965769589294102,-0.11024484478346597,1.2020736749448087,0.8145645796750863,0.06365031817447853,classC
3.644774721702269,0.954019589294102,-0.20024484478346594,1.1139236749448087,0.8145645796750863,0.12365031817447847,classC
5.801674721702269,1.2718195892941018,-0.07024484478346593,1.645473674944809,0.8145645796750863,0.0336503181744785,classA
5.05702472170227,1.1229695892941018,-0.050244844783466025,1.4816236749448086,0.8145645796750863,0.02365031817447849,classA
4.884624721702269,1.1563195892941018,-0.09024484478346595,1.4603236749448087,0.8145645796750863,0.05365031817447852,classB
4.233474721702269,0.9961195892941019,-0.09024484478346595,1.2534236749448084,0.8045645796750861,0.05365031817447852,classC
4.407824721702269,0.9086695892941019,-0.01024484478346599,1.2665236749448086,0.8045645796750861,-0.026349681825521554,classD
5.186574721702269,1.095319589294102,-0.040244844783466016,1.4568236749448087,0.7945645796750863,0.003650318174478473,classD
4.81277472170227,0.9911195892941019,-0.01024484478346599,1.3772236749448086,0.8145645796750863,-0.016349681825521545,classD
4.631924721702269,0.9478195892941019,-0.01024484478346599,1.3240236749448087,0.8145645796750863,-0.026349681825521554,classD
4.710874721702269,0.9128695892941019,0.009755155216534028,1.3326236749448088,0.8145645796750863,-0.05634968182552147,classD
4.7183247217022695,0.9328195892941019,0.009755155216534028,1.3534736749448086,0.8145645796750863,-0.04634968182552157,classD
5.181924721702269,1.142619589294102,-0.08024484478346594,1.4633736749448087,0.8145645796750863,0.04365031817447851,classA
5.64332472170227,1.211919589294102,-0.07024484478346593,1.5707236749448088,0.8045645796750861,0.0336503181744785,classA
5.475624721702269,1.238419589294102,-0.09024484478346595,1.569823674944809,0.8045645796750861,0.04365031817447851,classA
5.083824721702269,1.224969589294102,-0.13024484478346599,1.499223674944809,0.8145645796750863,0.08365031817447843,classA
4.133524721702269,0.990919589294102,-0.11024484478346597,1.2324236749448085,0.8145645796750863,0.06365031817447853,classC
3.9808747217022695,0.9713195892941019,-0.12024484478346598,1.1969736749448086,0.8145645796750863,0.07365031817447854,classC
5.797224721702269,1.2178695892941018,-0.030244844783466007,1.6432236749448088,0.7945645796750863,-0.006349681825521536,classB
3.995874721702269,0.9379695892941019,-0.09024484478346595,1.1864236749448087,0.8145645796750863,0.05365031817447852,classC
4.5967247217022695,0.972169589294102,-0.020244844783466,1.338873674944809,0.8145645796750863,-0.006349681825521536,classC
4.514174721702269,0.9295195892941019,-0.01024484478346599,1.2956736749448086,0.8145645796750863,-0.016349681825521545,classD
4.032824721702269,0.901869589294102,-0.050244844783466025,1.1926236749448085,0.8145645796750863,0.02365031817447849,classC
3.9393747217022694,0.9250695892941019,-0.08024484478346594,1.1791236749448086,0.8145645796750863,0.04365031817447851,classC
3.9695247217022693,0.888869589294102,-0.06024484478346592,1.1652736749448085,0.8045645796750861,0.02365031817447849,classC
4.38177472170227,0.8270695892941019,0.019755155216534037,1.2237236749448086,0.8045645796750861,-0.06634968182552148,classD
5.00562472170227,1.188369589294102,-0.10024484478346596,1.4865736749448086,0.8045645796750861,0.05365031817447852,classB
5.006624721702269,1.136469589294102,-0.06024484478346592,1.4757236749448088,0.8145645796750863,0.0336503181744785,classA
4.923924721702269,1.084019589294102,-0.050244844783466025,1.438223674944809,0.8045645796750861,0.013650318174478482,classB
3.876024721702269,0.9056695892941019,-0.09024484478346595,1.1518236749448085,0.8145645796750863,0.05365031817447852,classC
5.156774721702269,1.174769589294102,-0.06024484478346592,1.5224736749448087,0.8045645796750861,0.02365031817447849,classB
7.834224721702269,1.916719589294102,-0.13024484478346599,2.3136736749448086,0.8045645796750861,0.08365031817447843,classE
3.9291247217022693,0.9736695892941019,-0.12024484478346598,1.1956236749448086,0.8145645796750863,0.07365031817447854,classC
3.9632747217022692,0.9419695892941019,-0.09024484478346595,1.1978236749448086,0.8145645796750863,0.05365031817447852,classC
4.293424721702269,1.0068195892941019,-0.09024484478346595,1.2792736749448086,0.8145645796750863,0.05365031817447852,classC
4.71552472170227,1.142169589294102,-0.150244844783466,1.3767736749448087,0.8045645796750861,0.09365031817447844,classA
4.74532472170227,1.1087695892941019,-0.09024484478346595,1.4081236749448087,0.8145645796750863,0.05365031817447852,classB
7.921124721702269,1.8609695892941023,-0.09024484478346595,2.360773674944809,0.8145645796750863,0.04365031817447851,classE
3.804774721702269,0.920119589294102,-0.10024484478346596,1.1507236749448086,0.8145645796750863,0.06365031817447853,classC
4.199424721702269,1.022669589294102,-0.11024484478346597,1.2697736749448085,0.8145645796750863,0.07365031817447854,classC
5.1291247217022695,1.2517695892941019,-0.150244844783466,1.5016736749448087,0.8145645796750863,0.09365031817447844,classA
4.134624721702269,0.9256695892941019,-0.050244844783466025,1.2272236749448087,0.8145645796750863,0.02365031817447849,classC
3.7276747217022694,0.9006195892941019,-0.11024484478346597,1.1146736749448085,0.8145645796750863,0.07365031817447854,classC
4.5753747217022696,0.942619589294102,-0.020244844783466,1.309823674944809,0.8145645796750863,-0.016349681825521545,classD
4.391824721702269,0.834719589294102,0.019755155216534037,1.2288736749448086,0.8145645796750863,-0.05634968182552147,classD
3.7069747217022693,0.8855195892941019,-0.10024484478346596,1.1106736749448087,0.8045645796750861,0.05365031817447852,classC
7.274074721702269,1.824269589294102,-0.140244844783466,2.205123674944809,0.8145645796750863,0.08365031817447843,classE
3.462974721702269,0.7986195892941019,-0.06024484478346592,1.0424736749448085,0.8145645796750863,0.0336503181744785,classD
3.810274721702269,0.9528195892941019,-0.13024484478346599,1.1617736749448087,0.8145645796750863,0.08365031817447843,classC
5.004724721702269,0.976669589294102,-0.0002448447834659806,1.3770236749448088,0.7845645796750861,-0.04634968182552157,classD
5.13747472170227,1.1794695892941018,-0.09024484478346595,1.4840736749448087,0.8045645796750861,0.05365031817447852,classA
5.284124721702269,1.143319589294102,-0.030244844783466007,1.5430736749448086,0.8145645796750863,-0.006349681825521536,classB
4.080974721702269,0.982769589294102,-0.10024484478346596,1.2296736749448085,0.8145645796750863,0.06365031817447853,classC
5.300724721702269,1.1805195892941018,-0.07024484478346593,1.5217736749448088,0.8145645796750863,0.0336503181744785,classA
4.665924721702269,0.9862695892941019,-0.020244844783466,1.3597736749448086,0.8145645796750863,-0.016349681825521545,classD
5.149474721702269,1.088269589294102,-0.030244844783466007,1.4745736749448088,0.8045645796750861,-0.006349681825521536,classB
7.53262472170227,1.8048195892941021,-0.11024484478346597,2.227423674944809,0.8045645796750861,0.06365031817447853,classE
5.409274721702269,1.2284195892941019,-0.10024484478346596,1.544173674944809,0.8045645796750861,0.05365031817447852,classA
3.83802472170227,0.9753695892941019,-0.150244844783466,1.1711736749448085,0.8145645796750863,0.09365031817447844,classC
4.27762472170227,1.013069589294102,-0.09024484478346595,1.2780736749448085,0.8145645796750863,0.05365031817447852,classC
4.063324721702269,0.9831195892941019,-0.11024484478346597,1.2275236749448086,0.8145645796750863,0.06365031817447853,classC
3.7956747217022695,0.8966195892941019,-0.10024484478346596,1.1251236749448086,0.8045645796750861,0.06365031817447853,classC
3.5801747217022695,0.777919589294102,-0.040244844783466016,1.0392236749448085,0.8145645796750863,0.013650318174478482,classD
4.700524721702269,0.8841695892941019,0.019755155216534037,1.311723674944809,0.8145645796750863,-0.06634968182552148,classD
4.98867472170227,1.165519589294102,-0.07024484478346593,1.4983236749448088,0.8145645796750863,0.04365031817447851,classB
4.262974721702269,0.9680695892941018,-0.06024484478346592,1.2569236749448087,0.8145645796750863,0.02365031817447849,classC
5.831224721702269,1.200369589294102,-0.01024484478346599,1.6711736749448087,0.7945645796750863,-0.026349681825521554,classB
8.692224721702269,1.859919589294102,-0.030244844783466007,2.515173674944809,0.8045645796750861,-0.006349681825521536,classE
4.40572472170227,1.006119589294102,-0.06024484478346592,1.3058236749448087,0.8145645796750863,0.0336503181744785,classC
5.11847472170227,1.0880195892941018,-0.030244844783466007,1.4743736749448086,0.8045645796750861,-0.006349681825521536,classB
5.134274721702269,1.103469589294102,-0.030244844783466007,1.5003236749448086,0.8145645796750863,-0.006349681825521536,classB
4.941474721702269,1.142919589294102,-0.160244844783466,1.3601736749448088,0.8045645796750861,0.10365031817447845,classA
4.924224721702269,1.203519589294102,-0.13024484478346599,1.4659236749448086,0.8145645796750863,0.08365031817447843,classA
3.835474721702269,0.9842695892941019,-0.19024484478346593,1.1438236749448085,0.8045645796750861,0.11365031817447846,classC
4.36842472170227,0.8945195892941019,-0.01024484478346599,1.2525736749448086,0.8145645796750863,-0.026349681825521554,classD
4.000124721702269,0.9537695892941019,-0.10024484478346596,1.1923236749448085,0.8145645796750863,0.06365031817447853,classC
4.80402472170227,0.912769589294102,0.019755155216534037,1.3480736749448088,0.8045645796750861,-0.06634968182552148,classD
5.01972472170227,0.9868195892941019,0.009755155216534028,1.4236736749448087,0.8045645796750861,-0.04634968182552157,classD
3.8373747217022696,0.9821695892941019,-0.160244844783466,1.1748236749448084,0.8145645796750863,0.09365031817447844,classC
4.97892472170227,0.980919589294102,0.009755155216534028,1.4180736749448086,0.8145645796750863,-0.04634968182552157,classD
7.1565747217022695,1.732369589294102,-0.13024484478346599,2.1129736749448087,0.8145645796750863,0.08365031817447843,classE
8.84517472170227,2.038919589294102,-0.08024484478346594,2.6004736749448085,0.8045645796750861,0.04365031817447851,classE
5.242774721702269,1.159969589294102,-0.050244844783466025,1.5371736749448086,0.8145645796750863,0.013650318174478482,classB
3.78182472170227,0.8995195892941019,-0.10024484478346596,1.1331736749448087,0.8145645796750863,0.05365031817447852,classC
5.44082472170227,1.184569589294102,-0.040244844783466016,1.5834736749448086,0.8045645796750861,0.003650318174478473,classB
5.619474721702269,1.254569589294102,-0.12024484478346598,1.5475736749448086,0.8045645796750861,0.07365031817447854,classA
3.938324721702269,0.814419589294102,-0.01024484478346599,1.1378736749448086,0.8045645796750861,-0.026349681825521554,classD
4.8295747217022695,1.201619589294102,-0.19024484478346593,1.4020236749448087,0.8045645796750861,0.12365031817447847,classA
4.271424721702269,0.9912695892941019,-0.08024484478346594,1.2671736749448086,0.8145645796750863,0.04365031817447851,classC
5.10202472170227,1.116369589294102,-0.050244844783466025,1.4655736749448087,0.8045645796750861,0.013650318174478482,classB
4.819024721702269,0.913319589294102,0.019755155216534037,1.3654736749448089,0.8145645796750863,-0.06634968182552148,classD
4.34057472170227,0.8409195892941019,0.009755155216534028,1.2251736749448086,0.8145645796750863,-0.04634968182552157,classD
8.240224721702269,2.016169589294102,-0.11024484478346597,2.491673674944809,0.8145645796750863,0.06365031817447853,classE
5.510374721702269,1.2236695892941019,-0.050244844783466025,1.612023674944809,0.8045645796750861,0.013650318174478482,classB
5.085124721702269,1.0813195892941019,-0.10024484478346596,1.3625736749448085,0.7945645796750863,0.05365031817447852,classA
5.02112472170227,1.1043195892941018,-0.07024484478346593,1.4328236749448087,0.8045645796750861,0.0336503181744785,classA
4.561424721702269,0.9437195892941019,-0.01024484478346599,1.3213236749448085,0.8145645796750863,-0.026349681825521554,classD
3.9144747217022693,0.949169589294102,-0.11024484478346597,1.1754236749448086,0.8145645796750863,0.07365031817447854,classC
5.040874721702269,1.180769589294102,-0.08024484478346594,1.5048236749448087,0.8145645796750863,0.04365031817447851,classB
3.90987472170227,0.9413195892941019,-0.10024484478346596,1.1789236749448087,0.8145645796750863,0.06365031817447853,classC
3.9486247217022696,0.979869589294102,-0.13024484478346599,1.1967736749448086,0.8145645796750863,0.08365031817447843,classC
4.907474721702269,1.144219589294102,-0.12024484478346598,1.4139236749448088,0.8045645796750861,0.07365031817447854,classA
5.07067472170227,1.121519589294102,-0.050244844783466025,1.4691736749448088,0.8045645796750861,0.013650318174478482,classB
3.5371247217022694,0.8701695892941019,-0.13024484478346599,1.0635736749448086,0.8145645796750863,0.08365031817447843,classC
3.789774721702269,0.892069589294102,-0.09024484478346595,1.1302736749448086,0.8145645796750863,0.05365031817447852,classC
8.20657472170227,1.8221695892941019,-0.040244844783466016,2.4213236749448086,0.8145645796750863,0.013650318174478482,classE
5.140474721702269,1.115669589294102,-0.040244844783466016,1.4890736749448086,0.8045645796750861,0.003650318174478473,classB
4.06847472170227,0.938569589294102,-0.07024484478346593,1.2113236749448086,0.8145645796750863,0.0336503181744785,classC
3.9136247217022695,0.9551695892941019,-0.13024484478346599,1.1695236749448086,0.8145645796750863,0.08365031817447843,classC
5.297624721702269,1.090119589294102,-0.01024484478346599,1.5200736749448085,0.8145645796750863,-0.016349681825521545,classB
4.170824721702269,1.080119589294102,-0.17024484478346602,1.2823736749448087,0.8145645796750863,0.10365031817447845,classA
3.8450247217022695,0.9186695892941019,-0.10024484478346596,1.1529736749448085,0.8145645796750863,0.06365031817447853,classC
4.78757472170227,0.966669589294102,-0.01024484478346599,1.3558236749448087,0.8145645796750863,-0.026349681825521554,classD
3.896624721702269,0.9647695892941018,-0.13024484478346599,1.1744236749448087,0.8145645796750863,0.07365031817447854,classC
3.803524721702269,0.9274195892941018,-0.11024484478346597,1.1525736749448086,0.8145645796750863,0.07365031817447854,classC
4.9313247217022695,1.117219589294102,-0.06024484478346592,1.4572236749448086,0.8145645796750863,0.0336503181744785,classB
4.072124721702269,0.974669589294102,-0.09024484478346595,1.2287236749448085,0.8145645796750863,0.05365031817447852,classC
5.56882472170227,1.318569589294102,-0.140244844783466,1.5903736749448085,0.8045645796750861,0.09365031817447844,classA
5.441424721702269,1.2899695892941019,-0.12024484478346598,1.5908236749448088,0.8145645796750863,0.07365031817447854,classA
4.53262472170227,0.8630195892941019,0.009755155216534028,1.2589736749448086,0.8045645796750861,-0.05634968182552147,classD
3.987674721702269,0.883869589294102,-0.050244844783466025,1.1697736749448087,0.8145645796750863,0.02365031817447849,classC
5.57102472170227,1.3064195892941022,-0.08024484478346594,1.6664236749448087,0.8145645796750863,0.04365031817447851,classB
4.20337472170227,1.001419589294102,-0.11024484478346597,1.2472236749448087,0.8145645796750863,0.06365031817447853,classC
5.451624721702269,1.1871195892941018,-0.040244844783466016,1.5783236749448089,0.8045645796750861,0.003650318174478473,classB
5.356474721702269,1.274669589294102,-0.150244844783466,1.5255736749448088,0.8045645796750861,0.09365031817447844,classA
5.55472472170227,1.248769589294102,-0.050244844783466025,1.6410236749448086,0.8145645796750863,0.02365031817447849,classB
3.909574721702269,0.9834695892941019,-0.140244844783466,1.1919236749448086,0.8145645796750863,0.09365031817447844,classC
5.14992472170227,1.0389195892941019,-0.0002448447834659806,1.4754736749448087,0.8145645796750863,-0.03634968182552156,classD
5.480924721702269,1.166769589294102,-0.040244844783466016,1.5582736749448087,0.8145645796750863,0.013650318174478482,classB
8.84877472170227,2.001219589294102,-0.07024484478346593,2.5758236749448087,0.8045645796750861,0.02365031817447849,classE
5.29902472170227,1.1680695892941018,-0.050244844783466025,1.5453736749448086,0.8145645796750863,0.013650318174478482,classB
4.880924721702269,1.061269589294102,-0.06024484478346592,1.3796236749448088,0.8045645796750861,0.0336503181744785,classA
3.992924721702269,0.842769589294102,-0.020244844783466,1.1538736749448086,0.8045645796750861,-0.006349681825521536,classD
3.9954247217022694,0.9359695892941019,-0.09024484478346595,1.1921236749448085,0.8145645796750863,0.05365031817447852,classC
3.6974247217022698,0.8983695892941018,-0.11024484478346597,1.1209236749448086,0.8145645796750863,0.06365031817447853,classC
3.981074721702269,0.9751695892941019,-0.12024484478346598,1.2047236749448087,0.8145645796750863,0.07365031817447854,classC
8.477274721702269,1.8408195892941022,-0.040244844783466016,2.4635736749448087,0.8145645796750863,0.003650318174478473,classE
8.463224721702268,1.949069589294102,-0.08024484478346594,2.481973674944809,0.8045645796750861,0.04365031817447851,classE
4.168174721702269,0.928269589294102,-0.140244844783466,1.1187236749448086,0.7945645796750863,0.09365031817447844,classC
4.0483247217022695,0.914219589294102,-0.07024484478346593,1.1869236749448087,0.8145645796750863,0.0336503181744785,classC
4.054974721702269,0.9735195892941019,-0.11024484478346597,1.2100736749448087,0.8145645796750863,0.06365031817447853,classC
4.050724721702269,0.874519589294102,-0.030244844783466007,1.1929736749448085,0.8145645796750863,-0.006349681825521536,classD
4.4446747217022695,0.927019589294102,-0.020244844783466,1.2736736749448085,0.8045645796750861,-0.006349681825521536,classD
4.033124721702269,0.9471195892941019,-0.09024484478346595,1.2037236749448086,0.8145645796750863,0.05365031817447852,classC
4.63022472170227,0.8227195892941019,0.029755155216534046,1.2419736749448085,0.8045645796750861,-0.07634968182552149,classD
4.839774721702269,0.9341195892941019,0.009755155216534028,1.3633736749448087,0.8145645796750863,-0.05634968182552147,classD
5.500674721702269,1.172169589294102,-0.030244844783466007,1.5861736749448088,0.8045645796750861,-0.006349681825521536,classB
3.9823247217022693,0.9844195892941019,-0.12024484478346598,1.2110736749448086,0.8145645796750863,0.07365031817447854,classC
3.9001247217022694,0.9310195892941019,-0.11024484478346597,1.1555236749448086,0.8145645796750863,0.06365031817447853,classC
5.290474721702269,1.176469589294102,-0.06024484478346592,1.5366236749448086,0.8045645796750861,0.02365031817447849,classB
4.66642472170227,0.8621195892941018,0.029755155216534046,1.3104736749448087,0.8145645796750863,-0.07634968182552149,classD
4.12822472170227,0.9925695892941019,-0.10024484478346596,1.2384236749448085,0.8145645796750863,0.06365031817447853,classC
4.967574721702269,0.9872195892941019,-0.0002448447834659806,1.409473674944809,0.8045645796750861,-0.04634968182552157,classD
4.79677472170227,1.161769589294102,-0.13024484478346599,1.4163236749448087,0.8145645796750863,0.08365031817447843,classA
3.8704247217022694,0.9397195892941019,-0.10024484478346596,1.1749736749448085,0.8145645796750863,0.06365031817447853,classC
4.0449247217022695,0.9652195892941019,-0.09024484478346595,1.2249236749448087,0.8145645796750863,0.05365031817447852,classC
7.32482472170227,1.8053695892941022,-0.140244844783466,2.1900736749448084,0.8145645796750863,0.08365031817447843,classE
3.787824721702269,0.9487195892941019,-0.160244844783466,1.1311736749448087,0.8145645796750863,0.10365031817447845,classC
5.01817472170227,0.9953695892941019,-0.0002448447834659806,1.4146736749448088,0.8145645796750863,-0.03634968182552156,classD
4.0487247217022695,0.978619589294102,-0.12024484478346598,1.1991236749448086,0.7945645796750863,0.07365031817447854,classC
5.16642472170227,1.1760195892941019,-0.06024484478346592,1.5258236749448089,0.8145645796750863,0.0336503181744785,classB
5.17247472170227,1.216519589294102,-0.08024484478346594,1.5465736749448087,0.8145645796750863,0.04365031817447851,classB
5.23997472170227,1.2137695892941018,-0.07024484478346593,1.5580736749448088,0.8045645796750861,0.0336503181744785,classB
4.803824721702269,0.9276195892941019,0.009755155216534028,1.3400736749448086,0.8145645796750863,-0.04634968182552157,classD
4.670074721702269,0.9023695892941019,0.009755155216534028,1.3141236749448086,0.8145645796750863,-0.04634968182552157,classD
3.7148747217022695,0.879169589294102,-0.08024484478346594,1.1267236749448086,0.8145645796750863,0.04365031817447851,classC
5.0289247217022695,1.1172695892941018,-0.06024484478346592,1.4607736749448088,0.8145645796750863,0.02365031817447849,classB
4.806574721702269,0.8833695892941019,0.019755155216534037,1.3072236749448087,0.8145645796750863,-0.05634968182552147,classD
4.86752472170227,0.989169589294102,-0.01024484478346599,1.3912736749448087,0.8145645796750863,-0.026349681825521554,classD
5.198974721702269,1.174769589294102,-0.07024484478346593,1.512923674944809,0.8045645796750861,0.0336503181744785,classB
4.782974721702269,1.175969589294102,-0.17024484478346602,1.3893236749448088,0.8145645796750863,0.11365031817447846,classA
3.9710247217022694,0.972519589294102,-0.12024484478346598,1.1978236749448086,0.8045645796750861,0.07365031817447854,classC
4.549224721702269,0.9780195892941019,-0.030244844783466007,1.3301736749448088,0.8145645796750863,-0.006349681825521536,classD
4.596774721702269,0.941269589294102,-0.030244844783466007,1.2812736749448086,0.7945645796750863,-0.006349681825521536,classD
7.37832472170227,1.778769589294102,-0.13024484478346599,2.156523674944809,0.8045645796750861,0.08365031817447843,classE
5.2735747217022695,1.034669589294102,-0.01024484478346599,1.4506736749448086,0.8145645796750863,-0.026349681825521554,classD
4.150424721702269,0.958419589294102,-0.08024484478346594,1.2192736749448085,0.8145645796750863,0.04365031817447851,classC
3.747774721702269,0.880019589294102,-0.09024484478346595,1.1155236749448085,0.8145645796750863,0.05365031817447852,classC
5.024574721702269,0.967669589294102,0.009755155216534028,1.4136736749448087,0.8145645796750863,-0.05634968182552147,classD
3.8526247217022696,0.9322695892941019,-0.11024484478346597,1.1575236749448086,0.8145645796750863,0.06365031817447853,classC
4.72992472170227,0.9753695892941019,-0.01024484478346599,1.3687236749448086,0.8145645796750863,-0.026349681825521554,classD
4.19187472170227,0.9158695892941019,-0.040244844783466016,1.2246236749448085,0.8145645796750863,0.013650318174478482,classC
5.439824721702269,1.229369589294102,-0.06024484478346592,1.6001736749448088,0.8145645796750863,0.0336503181744785,classA
4.78572472170227,1.058719589294102,-0.06024484478346592,1.3888736749448087,0.8145645796750863,0.02365031817447849,classB
5.331174721702269,1.139869589294102,-0.050244844783466025,1.5092736749448088,0.8045645796750861,0.013650318174478482,classA
5.4728747217022695,1.1955695892941018,-0.040244844783466016,1.6098736749448088,0.8145645796750863,0.003650318174478473,classB
6.0414747217022695,1.304869589294102,-0.040244844783466016,1.7391236749448087,0.7945645796750863,0.003650318174478473,classB
4.920774721702269,0.9278695892941019,0.019755155216534037,1.3836736749448086,0.8145645796750863,-0.06634968182552148,classD
5.214974721702269,1.1297195892941019,-0.040244844783466016,1.5131236749448087,0.8145645796750863,0.003650318174478473,classB
4.95932472170227,1.209419589294102,-0.20024484478346594,1.4078236749448088,0.8045645796750861,0.12365031817447847,classA
4.326274721702269,0.9014195892941019,-0.020244844783466,1.2452736749448086,0.8145645796750863,-0.016349681825521545,classD
