5.837498468840754,1.3291080458940323,0.20118458166438347,1.7213830650794122,0.26345517471641344,0.4973761898190129,classB
3.9893484688407543,0.9476580458940324,0.17118458166438344,1.199333065079412,0.26345517471641344,0.5173761898190129,classC
5.268698468840754,1.1742080458940323,0.21118458166438325,1.5342330650794123,0.25345517471641343,0.48737618981901265,classB
5.593398468840754,1.1953080458940324,0.20118458166438347,1.5521330650794125,0.26345517471641344,0.4973761898190129,classA
4.091948468840754,1.0099080458940322,0.1311845816643834,1.234283065079412,0.26345517471641344,0.5473761898190127,classC
5.104198468840754,1.3469580458940322,-0.048815418335616534,1.4762330650794124,0.26345517471641344,0.6373761898190128,classA
3.9881984688407544,0.9393580458940322,0.17118458166438344,1.1920330650794122,0.26345517471641344,0.5173761898190129,classC
5.1303484688407535,1.1635080458940323,0.16118458166438343,1.4581330650794124,0.26345517471641344,0.5273761898190127,classA
4.652448468840754,0.9738080458940322,0.22118458166438326,1.3093330650794124,0.25345517471641343,0.46737618981901263,classA
3.9374984688407544,0.9342580458940323,0.16118458166438343,1.1679330650794122,0.25345517471641343,0.5273761898190127,classC
4.862848468840754,1.1625580458940323,0.15118458166438342,1.4376330650794122,0.26345517471641344,0.5273761898190127,classB
5.534598468840755,1.3527080458940322,0.09118458166438337,1.6018830650794122,0.26345517471641344,0.5673761898190127,classA
4.603148468840755,0.8613580458940322,0.2811845816643833,1.2824830650794123,0.26345517471641344,0.3973761898190128,classD
4.5399484688407545,0.8718580458940322,0.2811845816643833,1.276983065079412,0.26345517471641344,0.4073761898190128,classD
5.020198468840754,1.1872080458940324,0.17118458166438344,1.5019830650794121,0.26345517471641344,0.5173761898190129,classB
4.396998468840755,0.8247580458940322,0.2811845816643833,1.2242330650794122,0.26345517471641344,0.3973761898190128,classD
4.804198468840754,1.1609080458940322,0.1411845816643834,1.4265830650794122,0.26345517471641344,0.5373761898190129,classB
5.086998468840754,1.0446080458940323,0.2511845816643833,1.4521830650794123,0.26345517471641344,0.4473761898190126,classB
5.041548468840754,1.1456580458940322,0.19118458166438346,1.4660330650794122,0.25345517471641343,0.4973761898190129,classB
3.747348468840754,0.9230580458940323,0.1411845816643834,1.1348830650794122,0.26345517471641344,0.5373761898190129,classC
5.646148468840754,1.2223580458940324,0.18118458166438345,1.5621830650794124,0.25345517471641343,0.5073761898190127,classA
5.244698468840754,1.1859580458940322,0.17118458166438344,1.5009330650794124,0.25345517471641343,0.5173761898190129,classA
3.9687484688407544,0.9744080458940323,0.1411845816643834,1.1946330650794121,0.26345517471641344,0.5373761898190129,classC
5.365648468840753,1.1945580458940324,0.15118458166438342,1.4831830650794122,0.25345517471641343,0.5273761898190127,classA
4.158398468840755,0.9444580458940323,0.20118458166438347,1.230583065079412,0.26345517471641344,0.48737618981901265,classC
4.892748468840754,1.0801080458940322,0.21118458166438325,1.4228830650794122,0.26345517471641344,0.48737618981901265,classB
5.164398468840753,1.1704080458940322,0.20118458166438347,1.5285330650794122,0.26345517471641344,0.48737618981901265,classB
4.616648468840754,0.9408580458940322,0.2511845816643833,1.3149330650794124,0.26345517471641344,0.43737618981901283,classD
5.1489984688407535,1.1988080458940322,0.1311845816643834,1.4670330650794121,0.25345517471641343,0.5473761898190127,classA
4.643848468840755,0.9512080458940322,0.2511845816643833,1.3360330650794123,0.26345517471641344,0.43737618981901283,classD
4.785548468840755,0.9815580458940323,0.2511845816643833,1.3717830650794125,0.26345517471641344,0.43737618981901283,classD
4.367398468840754,1.0113080458940322,0.19118458166438346,1.3017830650794124,0.26345517471641344,0.5073761898190127,classC
4.473548468840754,0.9857080458940323,0.22118458166438326,1.316133065079412,0.26345517471641344,0.47737618981901286,classC
4.503798468840754,0.8601580458940323,0.2811845816643833,1.2670830650794123,0.26345517471641344,0.4073761898190128,classD
5.947498468840754,1.1723080458940323,0.21118458166438325,1.5473330650794122,0.25345517471641343,0.47737618981901286,classA
5.308748468840754,0.9869080458940322,0.2811845816643833,1.4660330650794122,0.26345517471641344,0.3973761898190128,classD
5.839648468840754,1.2657580458940323,0.22118458166438326,1.6987330650794124,0.26345517471641344,0.46737618981901263,classB
3.8281484688407543,0.8990080458940323,0.18118458166438345,1.1445830650794122,0.26345517471641344,0.5073761898190127,classC
3.611648468840754,0.8832080458940322,0.1411845816643834,1.0864330650794123,0.26345517471641344,0.5373761898190129,classC
4.316948468840755,1.0090580458940324,0.17118458166438344,1.2762830650794121,0.26345517471641344,0.5173761898190129,classC
3.9316484688407543,0.9653080458940323,0.1411845816643834,1.1867330650794121,0.26345517471641344,0.5373761898190129,classC
4.555548468840755,0.9651080458940322,0.20118458166438347,1.257433065079412,0.24345517471641342,0.4973761898190129,classA
4.6493484688407545,0.9177580458940322,0.2711845816643833,1.3249830650794123,0.26345517471641344,0.4173761898190128,classD
5.069798468840754,1.2459580458940323,0.08118458166438336,1.4612830650794124,0.25345517471641343,0.5773761898190127,classA
3.8286984688407544,0.9365080458940322,0.15118458166438342,1.1616330650794122,0.26345517471641344,0.5273761898190127,classC
4.249448468840755,1.0057580458940323,0.17118458166438344,1.266483065079412,0.26345517471641344,0.5173761898190129,classC
7.476898468840753,1.9166580458940323,0.08118458166438336,2.2552830650794125,0.26345517471641344,0.5773761898190127,classE
5.224498468840753,1.1751580458940323,0.1411845816643834,1.4463330650794122,0.25345517471641343,0.5373761898190129,classA
4.843748468840754,1.1447580458940323,0.1411845816643834,1.4032830650794121,0.25345517471641343,0.5373761898190129,classA
5.590548468840754,1.1991580458940323,0.23118458166438327,1.6174830650794123,0.25345517471641343,0.45737618981901285,classB
3.8313984688407543,0.9610080458940322,0.11118458166438339,1.1544330650794121,0.26345517471641344,0.5573761898190127,classC
6.629348468840753,1.3949080458940322,0.24118458166438328,1.9197830650794123,0.25345517471641343,0.4473761898190126,classB
4.556798468840754,0.8883080458940323,0.2611845816643833,1.256683065079412,0.25345517471641343,0.4273761898190126,classD
3.7483484688407542,0.8880080458940323,0.16118458166438343,1.1135830650794123,0.26345517471641344,0.5173761898190129,classC
4.792848468840754,1.0834580458940324,0.18118458166438345,1.3797330650794124,0.26345517471641344,0.5073761898190127,classA
5.132948468840754,1.1871580458940323,0.19118458166438346,1.5259330650794123,0.26345517471641344,0.4973761898190129,classB
4.129048468840754,0.9975080458940323,0.16118458166438343,1.2475830650794122,0.26345517471641344,0.5273761898190127,classC
5.135348468840753,1.1962080458940323,0.10118458166438338,1.4206830650794122,0.25345517471641343,0.5673761898190127,classA
3.9278484688407542,0.9532080458940322,0.1411845816643834,1.1733330650794123,0.26345517471641344,0.5373761898190129,classC
4.389948468840754,1.0407080458940323,0.17118458166438344,1.3128830650794123,0.26345517471641344,0.5173761898190129,classC
5.756548468840753,1.3096080458940325,0.17118458166438344,1.6494330650794122,0.26345517471641344,0.5173761898190129,classA
4.220748468840754,0.8449080458940322,0.2611845816643833,1.2114830650794122,0.26345517471641344,0.4273761898190126,classD
3.851698468840754,0.9986080458940323,0.07118458166438335,1.165433065079412,0.26345517471641344,0.5773761898190127,classC
4.939998468840755,1.1313580458940322,0.15118458166438342,1.3994830650794123,0.25345517471641343,0.5273761898190127,classA
7.7507484688407535,1.8585580458940323,0.16118458166438343,2.324183065079412,0.26345517471641344,0.5273761898190127,classE
3.9407484688407544,0.9439080458940323,0.16118458166438343,1.181983065079412,0.26345517471641344,0.5273761898190127,classC
4.684148468840754,1.1192580458940322,0.16118458166438343,1.4022330650794124,0.26345517471641344,0.5173761898190129,classB
8.113698468840754,1.8618580458940324,0.20118458166438347,2.4155830650794123,0.26345517471641344,0.4973761898190129,classE
4.6935484688407545,0.9541080458940323,0.2611845816643833,1.3493830650794123,0.26345517471641344,0.4273761898190126,classD
4.962248468840754,1.046708045894032,0.22118458166438326,1.4059830650794123,0.26345517471641344,0.46737618981901263,classD
5.4107984688407536,1.1718080458940323,0.17118458166438344,1.4744830650794123,0.25345517471641343,0.5173761898190129,classA
5.245998468840754,1.1924080458940323,0.20118458166438347,1.5461330650794123,0.26345517471641344,0.4973761898190129,classB
7.6683984688407545,1.9328080458940322,0.1211845816643834,2.3357830650794122,0.26345517471641344,0.5473761898190127,classE
4.758198468840755,0.9713580458940322,0.24118458166438328,1.3421830650794124,0.25345517471641343,0.4473761898190126,classD
7.296948468840753,1.6979080458940323,0.18118458166438345,2.1562830650794123,0.26345517471641344,0.5073761898190127,classE
5.471898468840753,1.1817580458940322,0.22118458166438326,1.5524330650794125,0.23345517471641342,0.46737618981901263,classB
5.407148468840754,1.0761080458940322,0.2511845816643833,1.5153830650794122,0.25345517471641343,0.43737618981901283,classD
4.992148468840754,1.0782080458940322,0.22118458166438326,1.4287330650794123,0.24345517471641342,0.46737618981901263,classD
5.784948468840754,1.2653080458940322,0.22118458166438326,1.6823330650794122,0.26345517471641344,0.47737618981901286,classB
4.804198468840754,0.9291080458940323,0.2711845816643833,1.3553830650794123,0.26345517471641344,0.4073761898190128,classD
4.776848468840755,1.1769580458940323,0.08118458166438336,1.3847830650794122,0.25345517471641343,0.5773761898190127,classA
3.7988984688407545,0.9596080458940323,0.10118458166438338,1.144183065079412,0.26345517471641344,0.5573761898190127,classC
4.184198468840754,1.0289080458940323,0.1411845816643834,1.2641830650794121,0.26345517471641344,0.5373761898190129,classC
3.5801984688407544,0.7778080458940323,0.22118458166438326,1.035583065079412,0.26345517471641344,0.47737618981901286,classD
3.5848984688407546,0.8942080458940321,0.1211845816643834,1.0849330650794122,0.26345517471641344,0.5473761898190127,classC
5.881248468840754,1.1816580458940322,0.20118458166438347,1.5478830650794122,0.25345517471641343,0.48737618981901265,classA
4.697298468840754,0.9338080458940322,0.2611845816643833,1.3256830650794122,0.26345517471641344,0.4273761898190126,classD
5.465798468840753,1.2746080458940323,0.1211845816643834,1.5382330650794123,0.25345517471641343,0.5573761898190127,classA
5.9950484688407535,1.2807080458940323,0.23118458166438327,1.7422830650794123,0.26345517471641344,0.45737618981901285,classB
5.252898468840754,1.2050080458940322,0.16118458166438343,1.5043330650794124,0.26345517471641344,0.5273761898190127,classA
4.874798468840754,1.1263080458940322,0.19118458166438346,1.4485830650794123,0.25345517471641343,0.4973761898190129,classB
4.466198468840755,1.0057080458940322,0.20118458166438347,1.3168830650794123,0.26345517471641344,0.48737618981901265,classC
4.3432984688407545,0.8376580458940324,0.2811845816643833,1.2295330650794123,0.26345517471641344,0.4073761898190128,classD
5.903498468840755,1.3056580458940323,0.21118458166438325,1.7284830650794123,0.26345517471641344,0.47737618981901286,classB
4.817298468840754,1.0777580458940321,0.18118458166438345,1.3698330650794122,0.25345517471641343,0.5073761898190127,classA
5.073848468840755,1.1795080458940321,0.17118458166438344,1.4878830650794124,0.26345517471641344,0.5173761898190129,classB
4.953198468840754,1.1770080458940322,0.16118458166438343,1.4762830650794123,0.26345517471641344,0.5273761898190127,classB
5.085098468840754,1.1490580458940323,0.19118458166438346,1.4868830650794123,0.25345517471641343,0.4973761898190129,classB
5.9313984688407535,1.3570580458940322,0.11118458166438339,1.6213830650794123,0.25345517471641343,0.5573761898190127,classA
3.9044984688407545,0.9614080458940323,0.1411845816643834,1.1777830650794123,0.26345517471641344,0.5373761898190129,classC
3.9893484688407543,0.7930080458940323,0.2611845816643833,1.1292830650794121,0.26345517471641344,0.4273761898190126,classD
4.645298468840754,0.9038580458940322,0.2711845816643833,1.3112830650794123,0.26345517471641344,0.4173761898190128,classD
4.289048468840754,1.0233580458940323,0.15118458166438342,1.264783065079412,0.25345517471641343,0.5373761898190129,classA
5.869048468840754,1.2565580458940324,0.23118458166438327,1.6879330650794122,0.25345517471641343,0.46737618981901263,classB
4.003698468840755,0.9369580458940322,0.18118458166438345,1.1890330650794123,0.26345517471641344,0.5073761898190127,classC
4.776898468840755,1.1221580458940321,0.17118458166438344,1.4193830650794124,0.26345517471641344,0.5173761898190129,classB
3.6924484688407544,0.9437580458940323,0.10118458166438338,1.124433065079412,0.26345517471641344,0.5673761898190127,classC
7.3920984688407545,1.8213080458940323,0.1311845816643834,2.211183065079412,0.26345517471641344,0.5473761898190127,classE
4.113848468840755,0.8225580458940323,0.2611845816643833,1.1674830650794121,0.25345517471641343,0.4273761898190126,classD
3.9561484688407544,0.9631580458940323,0.15118458166438342,1.1924830650794123,0.26345517471641344,0.5373761898190129,classC
4.949948468840755,1.1285080458940322,0.17118458166438344,1.4275330650794122,0.26345517471641344,0.5173761898190129,classA
4.286948468840754,1.0446580458940322,0.1411845816643834,1.2858330650794125,0.26345517471641344,0.5373761898190129,classC
4.070098468840754,0.9857580458940322,0.15118458166438342,1.2167830650794123,0.26345517471641344,0.5373761898190129,classC
5.436148468840754,1.2370580458940323,0.20118458166438347,1.6035330650794122,0.26345517471641344,0.48737618981901265,classB
4.008998468840755,0.9734580458940323,0.1311845816643834,1.1846830650794122,0.25345517471641343,0.5473761898190127,classC
4.142598468840754,1.0096080458940322,0.1411845816643834,1.2341330650794122,0.25345517471641343,0.5373761898190129,classA
4.360148468840754,0.9190080458940322,0.23118458166438327,1.245333065079412,0.25345517471641343,0.4473761898190126,classD
4.411448468840755,0.8375080458940323,0.2811845816643833,1.2419830650794121,0.26345517471641344,0.3973761898190128,classD
7.9957984688407535,1.783558045894032,0.20118458166438347,2.3231830650794123,0.25345517471641343,0.48737618981901265,classE
5.403148468840754,1.227158045894032,0.15118458166438342,1.5205830650794123,0.25345517471641343,0.5373761898190129,classA
3.664248468840754,0.9346580458940322,0.09118458166438337,1.1071330650794122,0.26345517471641344,0.5673761898190127,classC
4.655948468840754,1.1193580458940322,0.1311845816643834,1.3659330650794124,0.26345517471641344,0.5473761898190127,classA
4.085898468840754,0.9037580458940323,0.22118458166438326,1.2049330650794121,0.26345517471641344,0.47737618981901286,classD
4.4385984688407545,1.0473580458940324,0.17118458166438344,1.3243330650794123,0.26345517471641344,0.5173761898190129,classC
4.9126984688407545,0.9382080458940323,0.2711845816643833,1.3579330650794121,0.25345517471641343,0.4073761898190128,classD
5.205348468840754,1.1905580458940321,0.18118458166438345,1.519533065079412,0.26345517471641344,0.5073761898190127,classA
5.405998468840754,1.0728080458940323,0.22118458166438326,1.4396330650794125,0.24345517471641342,0.46737618981901263,classA
5.263148468840753,1.2094580458940323,0.1411845816643834,1.4878830650794124,0.25345517471641343,0.5373761898190129,classA
5.596948468840753,1.279258045894032,0.20118458166438347,1.6590830650794124,0.25345517471641343,0.48737618981901265,classB
3.8814984688407543,0.9524080458940323,0.1411845816643834,1.171333065079412,0.26345517471641344,0.5373761898190129,classC
3.7484984688407543,0.8834580458940323,0.17118458166438344,1.1169830650794121,0.26345517471641344,0.5173761898190129,classC
3.874498468840754,0.9388080458940322,0.1411845816643834,1.1556330650794122,0.26345517471641344,0.5373761898190129,classC
5.344648468840754,1.1210580458940322,0.22118458166438326,1.4830330650794123,0.25345517471641343,0.47737618981901286,classB
5.577698468840754,1.2903580458940322,0.18118458166438345,1.6478830650794123,0.26345517471641344,0.5073761898190127,classA
3.7386984688407545,0.9252080458940323,0.1411845816643834,1.1406330650794123,0.26345517471641344,0.5373761898190129,classC
4.315948468840754,0.8668580458940321,0.2611845816643833,1.2285330650794122,0.26345517471641344,0.43737618981901283,classD
5.5647484688407545,1.2450080458940322,0.21118458166438325,1.6343830650794124,0.25345517471641343,0.47737618981901286,classB
3.794748468840754,0.9856580458940323,0.08118458166438336,1.158833065079412,0.26345517471641344,0.5773761898190127,classC
5.321548468840754,1.2893080458940325,0.09118458166438337,1.5180330650794125,0.25345517471641343,0.5673761898190127,classA
4.022298468840754,0.9376580458940323,0.18118458166438345,1.195983065079412,0.26345517471641344,0.5073761898190127,classC
3.604248468840754,0.9138080458940323,0.1211845816643834,1.1052830650794123,0.26345517471641344,0.5573761898190127,classC
5.586598468840753,1.2008580458940323,0.22118458166438326,1.5887830650794124,0.24345517471641342,0.46737618981901263,classB
4.752348468840754,1.1259580458940324,0.17118458166438344,1.4166330650794123,0.26345517471641344,0.5173761898190129,classA
4.728748468840754,1.0847080458940324,0.1411845816643834,1.3362330650794123,0.25345517471641343,0.5373761898190129,classA
8.139848468840754,1.9057080458940323,0.17118458166438344,2.3902830650794122,0.26345517471641344,0.5173761898190129,classE
5.300748468840753,1.1804080458940323,0.19118458166438346,1.5181330650794123,0.26345517471641344,0.4973761898190129,classA
4.998148468840754,1.0340080458940322,0.2511845816643833,1.4314330650794123,0.25345517471641343,0.43737618981901283,classD
5.068598468840754,1.1841080458940323,0.17118458166438344,1.4889830650794125,0.24345517471641342,0.5073761898190127,classB
5.917748468840753,1.383608045894032,0.18118458166438345,1.7597330650794123,0.26345517471641344,0.5073761898190127,classB
5.044698468840754,1.1614080458940323,0.18118458166438345,1.4775330650794123,0.26345517471641344,0.5073761898190127,classA
3.855848468840754,0.9722580458940322,0.1211845816643834,1.172283065079412,0.26345517471641344,0.5573761898190127,classC
4.462898468840754,0.8946580458940322,0.2611845816643833,1.270433065079412,0.26345517471641344,0.4273761898190126,classD
5.005048468840754,1.0002580458940322,0.24118458166438328,1.3839830650794125,0.26345517471641344,0.4473761898190126,classD
3.9771484688407543,0.9263080458940323,0.19118458166438346,1.1940330650794122,0.26345517471641344,0.4973761898190129,classC
4.787498468840755,0.9973080458940322,0.24118458166438328,1.3659330650794124,0.25345517471641343,0.4473761898190126,classD
4.073398468840754,0.8390580458940323,0.2511845816643833,1.1672330650794123,0.26345517471641344,0.43737618981901283,classD
6.444848468840754,1.4344080458940323,0.1411845816643834,1.7646830650794123,0.25345517471641343,0.5373761898190129,classA
3.791448468840754,0.9318080458940322,0.1411845816643834,1.1402830650794122,0.26345517471641344,0.5373761898190129,classC
4.882798468840754,0.9755080458940323,0.2611845816643833,1.3982330650794124,0.26345517471641344,0.4273761898190126,classD
4.8189484688407545,0.9719080458940322,0.2511845816643833,1.3541330650794123,0.26345517471641344,0.43737618981901283,classD
5.031348468840754,1.1786580458940323,0.18118458166438345,1.4981330650794122,0.25345517471641343,0.5073761898190127,classB
5.314098468840753,1.1727580458940323,0.21118458166438325,1.5449830650794123,0.25345517471641343,0.47737618981901286,classB
4.722098468840755,0.9720080458940322,0.2511845816643833,1.3604830650794122,0.26345517471641344,0.43737618981901283,classD
7.711248468840754,1.9564580458940322,0.10118458166438338,2.334483065079412,0.26345517471641344,0.5573761898190127,classE
4.116748468840754,0.8599580458940322,0.2511845816643833,1.1959330650794122,0.26345517471641344,0.4473761898190126,classD
3.807848468840754,0.9266580458940322,0.1311845816643834,1.1277330650794122,0.25345517471641343,0.5473761898190127,classC
4.965598468840755,1.0268580458940322,0.24118458166438328,1.4199330650794124,0.26345517471641344,0.4473761898190126,classD
5.336198468840754,1.2203580458940322,0.20118458166438347,1.5822830650794122,0.26345517471641344,0.4973761898190129,classB
4.1794484688407545,0.9509580458940323,0.20118458166438347,1.2365830650794123,0.26345517471641344,0.48737618981901265,classC
5.522148468840754,1.2715580458940323,0.19118458166438346,1.628633065079412,0.26345517471641344,0.4973761898190129,classB
4.914398468840755,1.0039080458940324,0.2511845816643833,1.4093830650794124,0.26345517471641344,0.43737618981901283,classD
4.899398468840754,1.0016080458940322,0.2511845816643833,1.3982830650794122,0.26345517471641344,0.43737618981901283,classD
3.869748468840754,0.9675580458940323,0.10118458166438338,1.1460830650794123,0.25345517471641343,0.5673761898190127,classC
4.183498468840754,1.0034080458940322,0.15118458166438342,1.2429830650794123,0.26345517471641344,0.5373761898190129,classC
4.175598468840755,1.0172580458940323,0.15118458166438342,1.2590330650794122,0.26345517471641344,0.5373761898190129,classC
3.6877484688407542,0.9563080458940323,0.09118458166438337,1.1305830650794122,0.26345517471641344,0.5673761898190127,classC
4.026148468840755,0.8320080458940322,0.2511845816643833,1.157583065079412,0.25345517471641343,0.43737618981901283,classD
3.7612984688407547,0.9397580458940322,0.1311845816643834,1.1392330650794122,0.26345517471641344,0.5473761898190127,classC
5.1062984688407544,0.9888580458940323,0.2711845816643833,1.4324830650794125,0.25345517471641343,0.4073761898190128,classD
5.2301984688407535,1.1766580458940323,0.20118458166438347,1.5397330650794123,0.26345517471641344,0.48737618981901265,classB
8.020148468840754,1.763658045894032,0.21118458166438325,2.3151330650794124,0.26345517471641344,0.47737618981901286,classE
5.236398468840754,1.1683080458940323,0.20118458166438347,1.5284830650794123,0.26345517471641344,0.48737618981901265,classB
3.964248468840754,0.9052580458940322,0.19118458166438346,1.1705330650794121,0.26345517471641344,0.4973761898190129,classC
5.383398468840754,1.2196580458940323,0.19118458166438346,1.5782830650794122,0.26345517471641344,0.4973761898190129,classB
4.302098468840755,1.0531580458940324,0.1211845816643834,1.277283065079412,0.26345517471641344,0.5473761898190127,classA
7.131748468840754,1.6833580458940325,0.15118458166438342,2.0851330650794124,0.26345517471641344,0.5273761898190127,classE
4.838898468840754,1.0776580458940324,0.19118458166438346,1.3942330650794121,0.26345517471641344,0.4973761898190129,classB
4.280348468840754,1.0177580458940323,0.16118458166438343,1.2657830650794122,0.26345517471641344,0.5273761898190127,classC
4.124298468840754,0.9520580458940323,0.19118458166438346,1.2253830650794122,0.26345517471641344,0.4973761898190129,classC
4.1108484688407545,0.9645580458940323,0.17118458166438344,1.2206830650794123,0.26345517471641344,0.5173761898190129,classC
4.608298468840754,1.0603080458940324,0.18118458166438345,1.3558330650794124,0.26345517471641344,0.5073761898190127,classB
4.868348468840754,1.2477580458940323,0.05118458166438333,1.4361330650794122,0.26345517471641344,0.5973761898190127,classA
4.033148468840754,0.9581080458940322,0.17118458166438344,1.2114330650794123,0.26345517471641344,0.5173761898190129,classC
4.478848468840755,1.0100580458940323,0.17118458166438344,1.2813830650794122,0.25345517471641343,0.5173761898190129,classA
3.8324984688407544,0.9417580458940322,0.1411845816643834,1.1531830650794122,0.26345517471641344,0.5473761898190127,classC
5.4302484688407535,1.2260080458940323,0.20118458166438347,1.5926830650794122,0.26345517471641344,0.48737618981901265,classB
3.7420484688407543,0.9570580458940323,0.10118458166438338,1.1381830650794122,0.26345517471641344,0.5673761898190127,classC
4.816598468840755,1.0392080458940323,0.22118458166438326,1.3948330650794123,0.26345517471641344,0.46737618981901263,classB
3.8858484688407544,0.9614080458940323,0.1411845816643834,1.1782330650794122,0.26345517471641344,0.5373761898190129,classC
4.936848468840754,1.1765580458940323,0.09118458166438337,1.3911830650794124,0.25345517471641343,0.5673761898190127,classA
3.7947984688407543,0.9356580458940322,0.1411845816643834,1.1521330650794122,0.26345517471641344,0.5373761898190129,classC
3.950448468840754,0.8124580458940323,0.2511845816643833,1.1356330650794122,0.25345517471641343,0.4273761898190126,classD
4.248498468840754,0.8605080458940323,0.2611845816643833,1.2214330650794123,0.26345517471641344,0.4273761898190126,classD
3.971498468840754,0.9768080458940323,0.1411845816643834,1.196183065079412,0.26345517471641344,0.5473761898190127,classC
4.751548468840754,1.1416080458940323,0.08118458166438336,1.3375830650794123,0.25345517471641343,0.5773761898190127,classA
4.056898468840754,0.9459080458940322,0.17118458166438344,1.1956830650794121,0.25345517471641343,0.5073761898190127,classC
5.307348468840754,1.1619080458940323,0.22118458166438326,1.5559830650794124,0.26345517471641344,0.46737618981901263,classB
6.807598468840754,1.7115580458940323,0.10118458166438338,2.030733065079412,0.26345517471641344,0.5673761898190127,classE
5.426798468840754,1.2297580458940323,0.19118458166438346,1.5801830650794122,0.25345517471641343,0.4973761898190129,classB
5.258648468840754,1.2328080458940323,0.1211845816643834,1.4866330650794124,0.25345517471641343,0.5573761898190127,classA
3.803548468840754,0.9651580458940323,0.10118458166438338,1.150633065079412,0.26345517471641344,0.5673761898190127,classC
8.299548468840753,1.970508045894032,0.16118458166438343,2.459133065079412,0.26345517471641344,0.5173761898190129,classE
4.760948468840755,0.9447580458940322,0.2711845816643833,1.3603830650794122,0.26345517471641344,0.4173761898190128,classD
4.131548468840754,0.9769580458940322,0.17118458166438344,1.229183065079412,0.26345517471641344,0.5173761898190129,classC
4.4583984688407545,0.8811580458940322,0.2711845816643833,1.265533065079412,0.26345517471641344,0.4173761898190128,classD
3.6787484688407543,0.7404580458940322,0.2611845816643833,1.0420330650794123,0.25345517471641343,0.4273761898190126,classD
4.265048468840755,1.0262580458940322,0.16118458166438343,1.2847830650794123,0.26345517471641344,0.5173761898190129,classC
7.882548468840754,1.7971580458940324,0.19118458166438346,2.296433065079412,0.25345517471641343,0.4973761898190129,classE
5.270448468840754,1.1946580458940321,0.20118458166438347,1.5442830650794124,0.25345517471641343,0.48737618981901265,classB
3.4569984688407542,0.8805580458940322,0.11118458166438339,1.0535330650794121,0.26345517471641344,0.5673761898190127,classC
5.3018484688407534,1.3435080458940323,0.06118458166438334,1.5582330650794123,0.26345517471641344,0.5873761898190127,classA
5.443348468840754,1.2946580458940324,0.1311845816643834,1.5684830650794124,0.25345517471641343,0.5373761898190129,classA
4.179898468840754,0.8230580458940322,0.2611845816643833,1.1760330650794122,0.25345517471641343,0.4273761898190126,classD
5.987548468840754,1.3344580458940323,0.21118458166438325,1.7643330650794125,0.26345517471641344,0.47737618981901286,classB
5.203248468840753,1.1889580458940323,0.20118458166438347,1.5389830650794125,0.26345517471641344,0.48737618981901265,classB
7.279548468840753,1.8699580458940324,0.09118458166438337,2.2033830650794126,0.26345517471641344,0.5773761898190127,classE
4.266948468840755,0.9733580458940323,0.20118458166438347,1.261833065079412,0.26345517471641344,0.4973761898190129,classC
4.182198468840754,0.9771580458940322,0.17118458166438344,1.2289830650794122,0.25345517471641343,0.5173761898190129,classC
4.502498468840755,0.8863080458940322,0.2711845816643833,1.2858330650794125,0.26345517471641344,0.4173761898190128,classD
8.849748468840755,2.242708045894032,0.10118458166438338,2.6677830650794125,0.26345517471641344,0.5573761898190127,classE
3.7746484688407542,0.9605080458940323,0.11118458166438339,1.1465330650794123,0.26345517471641344,0.5573761898190127,classC
4.215798468840754,1.0034080458940322,0.17118458166438344,1.263083065079412,0.26345517471641344,0.5173761898190129,classC
5.084198468840754,0.9682080458940322,0.2811845816643833,1.4299830650794123,0.26345517471641344,0.3973761898190128,classD
4.9522984688407545,0.9606080458940321,0.2711845816643833,1.3965830650794124,0.26345517471641344,0.4073761898190128,classD
5.060798468840755,1.2307080458940323,0.15118458166438342,1.5211330650794121,0.26345517471641344,0.5373761898190129,classA
4.835098468840754,0.8570580458940323,0.2911845816643833,1.3131830650794123,0.25345517471641343,0.3773761898190128,classD
5.786198468840754,1.1677080458940323,0.2511845816643833,1.6408330650794125,0.25345517471641343,0.43737618981901283,classB
4.762948468840754,0.8821080458940322,0.2911845816643833,1.3296330650794124,0.26345517471641344,0.3873761898190128,classD
5.109448468840754,1.1278080458940323,0.17118458166438344,1.4178330650794124,0.25345517471641343,0.5173761898190129,classA
4.3189484688407545,0.9711580458940322,0.20118458166438347,1.2725330650794122,0.26345517471641344,0.48737618981901265,classC
3.9085484688407544,0.9391080458940323,0.15118458166438342,1.1635330650794122,0.26345517471641344,0.5273761898190127,classC
3.8669484688407545,0.9562080458940322,0.1411845816643834,1.1784330650794121,0.26345517471641344,0.5373761898190129,classC
4.516398468840754,0.8959580458940323,0.2711845816643833,1.2807830650794123,0.25345517471641343,0.4173761898190128,classD
4.292998468840754,0.9683080458940323,0.19118458166438346,1.2502330650794122,0.25345517471641343,0.4973761898190129,classC
7.232598468840754,1.7706580458940322,0.1411845816643834,2.1754830650794124,0.26345517471641344,0.5373761898190129,classE
4.229598468840754,1.0422580458940323,0.1311845816643834,1.2710830650794123,0.26345517471641344,0.5373761898190129,classC
5.463398468840754,1.2215580458940323,0.1411845816643834,1.5044330650794122,0.25345517471641343,0.5373761898190129,classA
5.225698468840753,1.1757580458940322,0.21118458166438325,1.5452830650794125,0.26345517471641344,0.48737618981901265,classB
4.057298468840754,0.9775080458940323,0.16118458166438343,1.2209330650794121,0.26345517471641344,0.5273761898190127,classC
4.202848468840754,0.9962580458940323,0.17118458166438344,1.2542330650794122,0.26345517471641344,0.5173761898190129,classC
5.131098468840754,1.1294080458940323,0.21118458166438325,1.4894830650794122,0.26345517471641344,0.47737618981901286,classB
4.068248468840754,0.9594080458940323,0.17118458166438344,1.2137830650794121,0.26345517471641344,0.5173761898190129,classC
4.931948468840755,1.0408580458940322,0.24118458166438328,1.3966330650794123,0.2234551747164134,0.43737618981901283,classD
8.758648468840754,2.0229080458940323,0.18118458166438345,2.5748830650794123,0.26345517471641344,0.5073761898190127,classE
4.7190984688407545,0.9980080458940322,0.24118458166438328,1.3530830650794123,0.25345517471641343,0.4473761898190126,classD
3.7352984688407544,0.9405080458940323,0.1211845816643834,1.1403330650794121,0.26345517471641344,0.5473761898190127,classC
3.8805984688407547,0.9298080458940322,0.16118458166438343,1.1603330650794121,0.26345517471641344,0.5273761898190127,classC
4.064948468840755,0.9738080458940322,0.16118458166438343,1.2220330650794122,0.26345517471641344,0.5273761898190127,classC
4.289748468840754,1.0581580458940323,0.1211845816643834,1.279833065079412,0.25345517471641343,0.5473761898190127,classA
3.6326484688407543,0.9131580458940323,0.11118458166438339,1.0979330650794121,0.26345517471641344,0.5573761898190127,classC
5.620248468840754,1.2053580458940323,0.23118458166438327,1.6187830650794124,0.25345517471641343,0.46737618981901263,classB
5.076348468840754,1.1682580458940321,0.19118458166438346,1.5034830650794122,0.25345517471641343,0.4973761898190129,classB
4.020498468840754,0.9224080458940322,0.19118458166438346,1.1947330650794121,0.26345517471641344,0.4973761898190129,classC
4.313098468840755,0.8473080458940322,0.2711845816643833,1.2294830650794122,0.26345517471641344,0.4173761898190128,classD
5.735048468840754,1.2654080458940322,0.21118458166438325,1.6695330650794122,0.25345517471641343,0.47737618981901286,classB
4.3436984688407545,0.9770080458940322,0.21118458166438325,1.2891330650794124,0.26345517471641344,0.47737618981901286,classC
4.302748468840754,0.9021580458940321,0.2511845816643833,1.252583065079412,0.26345517471641344,0.4473761898190126,classD
4.989148468840754,1.0997080458940323,0.22118458166438326,1.4602830650794123,0.26345517471641344,0.47737618981901286,classB
3.9775484688407543,0.9601580458940323,0.1411845816643834,1.1714830650794121,0.25345517471641343,0.5373761898190129,classC
4.701698468840754,0.9330580458940322,0.2611845816643833,1.3189330650794122,0.26345517471641344,0.4273761898190126,classD
3.865448468840754,0.9167580458940323,0.17118458166438344,1.1612330650794123,0.26345517471641344,0.5073761898190127,classC
4.1458984688407545,0.9445580458940322,0.18118458166438345,1.2068830650794122,0.25345517471641343,0.5073761898190127,classC
5.312248468840754,1.1842080458940323,0.19118458166438346,1.5291830650794123,0.26345517471641344,0.4973761898190129,classA
4.113798468840755,0.9687080458940323,0.17118458166438344,1.2227830650794123,0.26345517471641344,0.5173761898190129,classC
5.5083484688407545,1.2172080458940322,0.21118458166438325,1.6067330650794123,0.26345517471641344,0.47737618981901286,classB
3.8772984688407544,0.9818080458940323,0.10118458166438338,1.1639330650794122,0.26345517471641344,0.5673761898190127,classC
4.074598468840755,0.9157580458940322,0.20118458166438347,1.1924330650794122,0.26345517471641344,0.48737618981901265,classC
5.122148468840754,1.0883080458940322,0.23118458166438327,1.4753330650794123,0.26345517471641344,0.45737618981901285,classB
8.412498468840754,1.9029080458940322,0.20118458166438347,2.4640830650794125,0.25345517471641343,0.48737618981901265,classE
3.8543984688407544,0.9074580458940322,0.1411845816643834,1.113683065079412,0.25345517471641343,0.5373761898190129,classC
5.247798468840753,1.1564580458940323,0.22118458166438326,1.5345830650794126,0.25345517471641343,0.47737618981901286,classB
4.659548468840755,1.0433080458940323,0.15118458166438342,1.2928330650794124,0.25345517471641343,0.5373761898190129,classA
4.609048468840754,0.9854080458940322,0.23118458166438327,1.3137830650794122,0.24345517471641342,0.45737618981901285,classD
4.495698468840755,0.9206080458940322,0.2511845816643833,1.2954830650794122,0.26345517471641344,0.43737618981901283,classD
4.6878484688407545,1.0668080458940323,0.17118458166438344,1.3416830650794123,0.25345517471641343,0.5173761898190129,classA
3.837748468840754,0.8950580458940323,0.16118458166438343,1.1209330650794123,0.25345517471641343,0.5173761898190129,classC
4.830848468840754,0.9542080458940322,0.2711845816643833,1.3747330650794123,0.26345517471641344,0.4173761898190128,classD
4.131498468840754,0.9980580458940322,0.16118458166438343,1.2446830650794123,0.26345517471641344,0.5273761898190127,classC
5.376448468840754,1.2209080458940322,0.20118458166438347,1.5803830650794124,0.26345517471641344,0.4973761898190129,classB
3.745948468840754,0.8658580458940323,0.18118458166438345,1.1116330650794122,0.26345517471641344,0.5073761898190127,classC
3.9661484688407547,0.9516080458940323,0.16118458166438343,1.1925330650794121,0.26345517471641344,0.5273761898190127,classC
8.924898468840754,2.069058045894032,0.17118458166438344,2.601683065079412,0.24345517471641342,0.5073761898190127,classE
3.7280484688407545,0.8841580458940322,0.16118458166438343,1.109783065079412,0.26345517471641344,0.5273761898190127,classC
3.8194484688407546,0.9418080458940322,0.1311845816643834,1.1482830650794122,0.26345517471641344,0.5473761898190127,classC
5.330748468840754,1.2244580458940322,0.18118458166438345,1.5656330650794124,0.26345517471641344,0.5073761898190127,classB
4.122198468840754,0.9855080458940323,0.17118458166438344,1.2368330650794122,0.26345517471641344,0.5173761898190129,classB
4.642298468840754,1.0420080458940322,0.19118458166438346,1.3396830650794123,0.25345517471641343,0.4973761898190129,classA
5.436898468840753,1.2294580458940323,0.16118458166438343,1.5315330650794123,0.25345517471641343,0.5273761898190127,classA
4.920498468840754,0.9775580458940323,0.2611845816643833,1.3964330650794121,0.26345517471641344,0.4173761898190128,classD
5.081598468840754,1.0866080458940324,0.23118458166438327,1.4620330650794122,0.25345517471641343,0.45737618981901285,classB
4.391248468840755,0.9296580458940322,0.24118458166438328,1.2701830650794121,0.25345517471641343,0.45737618981901285,classD
5.904248468840754,1.3736580458940322,0.1411845816643834,1.6901830650794123,0.25345517471641343,0.5373761898190129,classA
4.675748468840754,0.9875080458940323,0.24118458166438328,1.3359330650794123,0.25345517471641343,0.4473761898190126,classD
4.6756484688407545,0.8874080458940322,0.2811845816643833,1.3081830650794124,0.26345517471641344,0.3973761898190128,classD
4.565698468840754,0.8796580458940322,0.2811845816643833,1.2923830650794121,0.26345517471641344,0.4073761898190128,classD
5.525448468840754,1.2513580458940323,0.20118458166438347,1.6321330650794124,0.26345517471641344,0.48737618981901265,classB
4.545748468840754,0.8709080458940321,0.2811845816643833,1.2761830650794124,0.26345517471641344,0.4073761898190128,classD
4.889848468840754,0.9499080458940322,0.2711845816643833,1.3831830650794124,0.26345517471641344,0.4173761898190128,classD
5.054748468840754,0.9211080458940323,0.2811845816643833,1.3484330650794123,0.25345517471641343,0.4073761898190128,classD
4.580998468840754,0.8838080458940323,0.2711845816643833,1.2842830650794124,0.26345517471641344,0.4073761898190128,classD
4.204098468840754,0.8436080458940323,0.2611845816643833,1.1955830650794121,0.26345517471641344,0.4273761898190126,classD
3.6580984688407545,0.9245580458940323,0.11118458166438339,1.1084830650794122,0.26345517471641344,0.5573761898190127,classC
5.638548468840754,1.1612080458940321,0.2511845816643833,1.6168330650794125,0.26345517471641344,0.43737618981901283,classB
4.864798468840754,1.1466080458940322,0.17118458166438344,1.4382330650794122,0.26345517471641344,0.5173761898190129,classB
5.138898468840754,1.0767580458940322,0.24118458166438328,1.4715330650794123,0.26345517471641344,0.45737618981901285,classB
3.8174484688407544,0.9225080458940323,0.15118458166438342,1.1426830650794122,0.26345517471641344,0.5273761898190127,classC
3.8805484688407548,0.9452080458940323,0.1311845816643834,1.1559330650794122,0.26345517471641344,0.5473761898190127,classC
4.750198468840754,0.9486580458940322,0.2611845816643833,1.3532830650794123,0.26345517471641344,0.4273761898190126,classD
4.325248468840754,0.9883080458940323,0.19118458166438346,1.269533065079412,0.26345517471641344,0.4973761898190129,classB
5.597398468840754,1.2205580458940322,0.22118458166438326,1.6267330650794123,0.26345517471641344,0.46737618981901263,classB
3.9708984688407543,0.9905080458940323,0.1311845816643834,1.2048330650794121,0.26345517471641344,0.5473761898190127,classC
5.577698468840754,1.2317080458940322,0.20118458166438347,1.5978330650794124,0.26345517471641344,0.4973761898190129,classA
4.799248468840754,1.2302080458940323,0.06118458166438334,1.4244830650794122,0.25345517471641343,0.5873761898190127,classA
5.251048468840754,1.2449080458940323,0.17118458166438344,1.5631830650794123,0.25345517471641343,0.5173761898190129,classB
3.9076484688407542,0.9648080458940322,0.1311845816643834,1.1715330650794122,0.26345517471641344,0.5473761898190127,classC
4.189148468840754,1.0143580458940322,0.15118458166438342,1.2542830650794121,0.26345517471641344,0.5373761898190129,classC
4.0300484688407545,0.8248080458940322,0.2511845816643833,1.153233065079412,0.25345517471641343,0.4273761898190126,classD
3.9011984688407546,0.9414080458940323,0.15118458166438342,1.1687830650794122,0.25345517471641343,0.5273761898190127,classC
8.161748468840754,1.7651080458940323,0.23118458166438327,2.368383065079412,0.26345517471641344,0.46737618981901263,classE
7.189148468840753,1.7243580458940324,0.16118458166438343,2.1508830650794124,0.26345517471641344,0.5273761898190127,classE
5.423798468840754,1.0579080458940322,0.2711845816643833,1.5354830650794122,0.26345517471641344,0.4173761898190128,classD
3.7128484688407544,0.8706080458940322,0.18118458166438345,1.1109330650794123,0.26345517471641344,0.5073761898190127,classC
5.151898468840753,1.1510580458940323,0.21118458166438325,1.5109830650794123,0.25345517471641343,0.47737618981901286,classB
5.069048468840754,1.0870580458940322,0.22118458166438326,1.4557330650794122,0.26345517471641344,0.46737618981901263,classB
3.5557984688407545,0.8258580458940322,0.18118458166438345,1.058533065079412,0.26345517471641344,0.5073761898190127,classC
7.351098468840754,1.9456580458940322,0.05118458166438333,2.2358330650794125,0.26345517471641344,0.5973761898190127,classE
4.022548468840754,0.9428580458940323,0.18118458166438345,1.2036830650794121,0.26345517471641344,0.5073761898190127,classC
3.9028484688407543,0.9330080458940323,0.16118458166438343,1.1660830650794123,0.26345517471641344,0.5273761898190127,classC
4.5281484688407545,0.8944080458940323,0.2611845816643833,1.2781830650794122,0.26345517471641344,0.4273761898190126,classD
4.283598468840754,0.9861080458940323,0.19118458166438346,1.262583065079412,0.26345517471641344,0.4973761898190129,classC
3.9515984688407544,0.9897080458940323,0.1211845816643834,1.2004330650794122,0.26345517471641344,0.5473761898190127,classC
4.189698468840755,0.9391080458940323,0.21118458166438325,1.2410330650794121,0.26345517471641344,0.48737618981901265,classC
5.4851484688407535,1.2153580458940323,0.21118458166438325,1.6077830650794125,0.26345517471641344,0.47737618981901286,classB
3.7191984688407542,0.9166580458940322,0.1411845816643834,1.1202830650794122,0.26345517471641344,0.5373761898190129,classC
4.407848468840754,0.9085580458940322,0.2511845816643833,1.262883065079412,0.25345517471641343,0.43737618981901283,classD
4.846448468840754,1.1406080458940322,0.16118458166438343,1.4229330650794123,0.25345517471641343,0.5173761898190129,classB
4.546398468840755,0.8941580458940322,0.2611845816643833,1.263833065079412,0.25345517471641343,0.4273761898190126,classD
4.597698468840754,0.8563580458940322,0.2811845816643833,1.2792330650794121,0.26345517471641344,0.3973761898190128,classD
5.0540484688407545,1.0963580458940323,0.22118458166438326,1.4614330650794123,0.26345517471641344,0.47737618981901286,classB
7.3783984688407545,1.7262580458940322,0.16118458166438343,2.1541830650794123,0.25345517471641343,0.5273761898190127,classE
5.454698468840754,1.1680080458940323,0.23118458166438327,1.5789330650794122,0.25345517471641343,0.45737618981901285,classB
5.095298468840754,1.2737080458940322,0.08118458166438336,1.4980330650794125,0.26345517471641344,0.5773761898190127,classA
5.463098468840753,1.1775080458940324,0.23118458166438327,1.5852830650794123,0.26345517471641344,0.46737618981901263,classB
7.446348468840754,1.7629580458940322,0.16118458166438343,2.1962330650794124,0.25345517471641343,0.5273761898190127,classE
4.780348468840754,0.9688080458940322,0.2611845816643833,1.3713830650794123,0.26345517471641344,0.4273761898190126,classC
4.728698468840754,1.0712580458940324,0.19118458166438346,1.3826830650794122,0.25345517471641343,0.4973761898190129,classA
5.324748468840754,1.1732080458940322,0.22118458166438326,1.5562830650794124,0.25345517471641343,0.47737618981901286,classB
4.186598468840754,1.0080080458940324,0.15118458166438342,1.2549830650794123,0.26345517471641344,0.5273761898190127,classC
4.932348468840754,1.1010080458940323,0.21118458166438325,1.4455330650794125,0.26345517471641344,0.48737618981901265,classB
6.046998468840753,1.2537580458940323,0.21118458166438325,1.6650330650794123,0.25345517471641343,0.47737618981901286,classA
5.1318484688407535,1.2012580458940323,0.09118458166438337,1.4229830650794122,0.25345517471641343,0.5673761898190127,classA
3.7132484688407543,0.9876080458940322,0.041184581664383324,1.1310830650794121,0.26345517471641344,0.5973761898190127,classC
4.944898468840755,1.3097080458940322,-0.03881541833561675,1.4443330650794124,0.25345517471641343,0.6273761898190128,classA
4.6817484688407545,0.9312080458940322,0.2711845816643833,1.3404330650794123,0.26345517471641344,0.4173761898190128,classD
5.293798468840754,1.1375580458940322,0.23118458166438327,1.5274830650794124,0.25345517471641343,0.46737618981901263,classB
3.9150984688407546,0.9395580458940322,0.16118458166438343,1.1777830650794123,0.26345517471641344,0.5173761898190129,classC
4.834498468840755,1.1156580458940324,0.18118458166438345,1.4171330650794125,0.26345517471641344,0.5073761898190127,classB
4.483498468840754,1.0182580458940322,0.19118458166438346,1.3133830650794125,0.26345517471641344,0.4973761898190129,classA
7.834248468840753,1.9166080458940322,0.1311845816643834,2.3100330650794123,0.25345517471641343,0.5473761898190127,classE
5.527548468840754,1.2823580458940322,0.1411845816643834,1.5668830650794123,0.25345517471641343,0.5373761898190129,classA
5.382848468840754,1.2710580458940322,0.10118458166438338,1.5016830650794122,0.25345517471641343,0.5673761898190127,classA
3.8046484688407545,0.9186580458940322,0.15118458166438342,1.1363330650794121,0.26345517471641344,0.5373761898190129,classC
5.680598468840754,1.3247080458940323,0.1411845816643834,1.6237830650794123,0.25345517471641343,0.5373761898190129,classA
3.8260484688407543,0.9261080458940323,0.1411845816643834,1.1362330650794121,0.26345517471641344,0.5373761898190129,classC
5.404448468840753,1.1102080458940322,0.24118458166438328,1.5250330650794124,0.26345517471641344,0.45737618981901285,classD
4.6409484688407545,0.9013080458940322,0.2711845816643833,1.3185330650794123,0.26345517471641344,0.4073761898190128,classD
4.7682484688407545,1.1272580458940322,0.17118458166438344,1.4172830650794124,0.26345517471641344,0.5173761898190129,classB
4.285148468840754,1.0270080458940323,0.1311845816643834,1.2531330650794121,0.26345517471641344,0.5473761898190127,classC
4.176598468840754,0.9843580458940322,0.17118458166438344,1.2407330650794122,0.26345517471641344,0.5073761898190127,classC
4.842248468840754,0.8907580458940322,0.2911845816643833,1.344233065079412,0.26345517471641344,0.3873761898190128,classD
3.8074984688407545,0.9066580458940322,0.15118458166438342,1.1260330650794121,0.25345517471641343,0.5273761898190127,classC
3.9494484688407545,0.9310580458940322,0.17118458166438344,1.1821330650794122,0.26345517471641344,0.5173761898190129,classC
5.183248468840754,1.2469580458940321,0.07118458166438335,1.4555830650794124,0.25345517471641343,0.5773761898190127,classA
3.5618984688407545,0.8622580458940322,0.1411845816643834,1.0590830650794123,0.26345517471641344,0.5373761898190129,classC
4.029048468840754,0.9565580458940324,0.17118458166438344,1.2050830650794122,0.26345517471641344,0.5173761898190129,classC
4.275648468840754,0.8478080458940324,0.2711845816643833,1.2196830650794122,0.26345517471641344,0.4173761898190128,classD
5.537798468840753,1.2105080458940323,0.18118458166438345,1.5412830650794123,0.25345517471641343,0.5073761898190127,classA
4.214098468840755,1.0014080458940322,0.16118458166438343,1.2590330650794122,0.26345517471641344,0.5173761898190129,classC
4.042848468840754,0.9285080458940322,0.19118458166438346,1.1991830650794122,0.26345517471641344,0.4973761898190129,classC
4.105748468840755,0.7962080458940322,0.2711845816643833,1.1519330650794122,0.26345517471641344,0.4173761898190128,classD
4.055898468840755,0.9265580458940323,0.19118458166438346,1.2006830650794122,0.26345517471641344,0.4973761898190129,classC
7.022498468840754,1.7774580458940323,0.11118458166438339,2.1339830650794123,0.26345517471641344,0.5573761898190127,classE
5.140648468840753,1.2630580458940321,0.041184581664383324,1.4399330650794124,0.25345517471641343,0.5973761898190127,classA
4.505448468840754,0.9068080458940322,0.2611845816643833,1.2812330650794124,0.26345517471641344,0.4273761898190126,classD
3.5752984688407543,0.8766080458940323,0.1311845816643834,1.067933065079412,0.25345517471641343,0.5473761898190127,classC
4.093348468840754,0.9487080458940322,0.18118458166438345,1.2153330650794123,0.26345517471641344,0.5073761898190127,classC
4.055348468840754,0.9419580458940322,0.19118458166438346,1.2104830650794123,0.26345517471641344,0.5073761898190127,classC
5.151398468840754,1.1321580458940321,0.19118458166438346,1.4677330650794125,0.25345517471641343,0.4973761898190129,classA
4.839198468840754,0.9166580458940322,0.2811845816643833,1.3533330650794124,0.26345517471641344,0.4073761898190128,classD
5.506748468840754,1.2948080458940323,0.15118458166438342,1.6017830650794125,0.26345517471641344,0.5273761898190127,classA
4.680548468840755,0.9158580458940322,0.2711845816643833,1.3330330650794124,0.26345517471641344,0.4073761898190128,classD
4.105598468840754,1.0275080458940322,0.1211845816643834,1.2412830650794122,0.26345517471641344,0.5573761898190127,classC
4.988998468840754,1.2321080458940323,0.06118458166438334,1.4278830650794123,0.25345517471641343,0.5873761898190127,classA
4.911748468840754,0.9932080458940322,0.2511845816643833,1.3913830650794123,0.26345517471641344,0.43737618981901283,classD
4.3600984688407545,0.8058080458940323,0.2911845816643833,1.211633065079412,0.26345517471641344,0.3873761898190128,classD
5.0258484688407545,1.0044580458940322,0.2611845816643833,1.4258830650794123,0.26345517471641344,0.4273761898190126,classD
4.555348468840754,0.9881580458940323,0.22118458166438326,1.3228330650794122,0.26345517471641344,0.46737618981901263,classD
5.795448468840753,1.2923580458940322,0.20118458166438347,1.6907330650794123,0.26345517471641344,0.48737618981901265,classA
5.374848468840754,1.3337580458940324,0.10118458166438338,1.5898830650794122,0.26345517471641344,0.5673761898190127,classA
4.441848468840755,0.9115080458940322,0.2511845816643833,1.278233065079412,0.26345517471641344,0.43737618981901283,classD
5.057248468840754,1.1299080458940323,0.22118458166438326,1.4994830650794122,0.26345517471641344,0.47737618981901286,classB
4.675348468840754,1.0514580458940324,0.19118458166438346,1.3556330650794124,0.26345517471641344,0.4973761898190129,classA
5.187748468840754,1.3046080458940323,0.09118458166438337,1.5396830650794124,0.26345517471641344,0.5673761898190127,classA
4.788848468840754,1.0147580458940322,0.23118458166438327,1.3688330650794123,0.26345517471641344,0.46737618981901263,classB
4.861198468840755,1.0950080458940323,0.16118458166438343,1.3609330650794123,0.24345517471641342,0.5173761898190129,classA
4.561448468840754,0.9436080458940324,0.2511845816643833,1.3176830650794122,0.26345517471641344,0.43737618981901283,classD
4.239198468840754,0.9889580458940322,0.18118458166438345,1.2685830650794123,0.26345517471641344,0.5073761898190127,classC
3.3559984688407543,0.8386080458940323,0.11118458166438339,1.0012830650794122,0.25345517471641343,0.5473761898190127,classC
5.6676984688407535,1.2277080458940324,0.22118458166438326,1.6366830650794122,0.26345517471641344,0.47737618981901286,classB
5.074898468840755,1.0887080458940321,0.18118458166438345,1.3830830650794124,0.25345517471641343,0.5073761898190127,classA
3.9659484688407542,0.9555080458940323,0.16118458166438343,1.1945330650794121,0.26345517471641344,0.5273761898190127,classC
4.012598468840754,0.7693580458940322,0.2811845816643833,1.1399830650794123,0.26345517471641344,0.3973761898190128,classD
4.132898468840754,0.9791580458940322,0.16118458166438343,1.2231830650794122,0.26345517471641344,0.5273761898190127,classC
5.318298468840753,1.2893080458940325,0.11118458166438339,1.5444830650794124,0.26345517471641344,0.5573761898190127,classA
4.695648468840755,0.9598080458940322,0.2511845816643833,1.3372330650794124,0.26345517471641344,0.43737618981901283,classD
5.930998468840754,1.2676080458940322,0.23118458166438327,1.7149330650794123,0.25345517471641343,0.46737618981901263,classB
4.2148984688407545,0.9906080458940322,0.18118458166438345,1.2606330650794122,0.26345517471641344,0.5073761898190127,classC
4.867048468840754,1.0677580458940321,0.22118458166438326,1.4230330650794125,0.26345517471641344,0.47737618981901286,classD
4.355048468840755,0.9769080458940322,0.20118458166438347,1.2800830650794124,0.26345517471641344,0.48737618981901265,classC
7.1478484688407535,1.7323080458940323,0.1411845816643834,2.1249830650794124,0.26345517471641344,0.5373761898190129,classE
5.030098468840754,0.9919580458940322,0.2611845816643833,1.4136330650794122,0.26345517471641344,0.4273761898190126,classD
7.812948468840753,1.9103580458940324,0.1411845816643834,2.3495830650794125,0.26345517471641344,0.5373761898190129,classE
5.003948468840754,0.9912580458940323,0.2711845816643833,1.4279330650794122,0.26345517471641344,0.4173761898190128,classD
3.5930484688407547,0.7888580458940322,0.20118458166438347,1.0249830650794123,0.25345517471641343,0.48737618981901265,classD
5.235448468840754,1.1266580458940323,0.23118458166438327,1.5271330650794124,0.26345517471641344,0.46737618981901263,classB
3.9917984688407544,0.9335580458940322,0.17118458166438344,1.176683065079412,0.26345517471641344,0.5173761898190129,classC
6.137098468840755,1.2834080458940322,0.20118458166438347,1.6739830650794125,0.25345517471641343,0.48737618981901265,classA
5.483148468840754,1.2301580458940322,0.21118458166438325,1.6065830650794124,0.24345517471641342,0.47737618981901286,classB
4.746748468840754,0.9511580458940323,0.2611845816643833,1.3480330650794123,0.26345517471641344,0.4273761898190126,classD
4.668348468840755,0.8459580458940323,0.2911845816643833,1.2829330650794122,0.26345517471641344,0.3773761898190128,classD
5.152148468840754,1.1341580458940321,0.21118458166438325,1.4889830650794125,0.25345517471641343,0.47737618981901286,classB
4.694448468840754,0.9450580458940323,0.2511845816643833,1.3119330650794123,0.24345517471641342,0.43737618981901283,classD
4.646248468840755,1.0187580458940324,0.22118458166438326,1.3494330650794124,0.25345517471641343,0.47737618981901286,classB
4.8955484688407545,0.9477080458940322,0.2711845816643833,1.3824830650794124,0.26345517471641344,0.4073761898190128,classD
4.159948468840755,0.9828080458940324,0.16118458166438343,1.2324330650794122,0.26345517471641344,0.5173761898190129,classC
4.368248468840754,0.8523580458940323,0.2611845816643833,1.2202830650794123,0.25345517471641343,0.4173761898190128,classD
4.289248468840754,1.0113080458940322,0.1211845816643834,1.2209830650794122,0.25345517471641343,0.5573761898190127,classA
8.296598468840754,1.8673580458940322,0.20118458166438347,2.429233065079412,0.26345517471641344,0.4973761898190129,classE
4.936748468840754,1.1379580458940322,0.17118458166438344,1.439883065079412,0.26345517471641344,0.5173761898190129,classA
4.244198468840754,1.0219580458940323,0.15118458166438342,1.2666330650794122,0.26345517471641344,0.5273761898190127,classC
5.459398468840753,1.0967080458940321,0.2511845816643833,1.5295330650794121,0.25345517471641343,0.43737618981901283,classB
3.8458984688407543,0.9670080458940322,0.1211845816643834,1.1725330650794121,0.26345517471641344,0.5473761898190127,classC
4.184248468840754,0.7960080458940323,0.2811845816643833,1.1764830650794122,0.26345517471641344,0.4073761898190128,classD
5.253098468840753,1.1688580458940323,0.21118458166438325,1.5432330650794122,0.26345517471641344,0.47737618981901286,classB
3.8318984688407545,0.9550080458940323,0.1311845816643834,1.1600330650794122,0.26345517471641344,0.5473761898190127,classC
3.816698468840754,0.9195580458940323,0.15118458166438342,1.1370330650794123,0.26345517471641344,0.5373761898190129,classC
3.607748468840754,0.9018080458940322,0.1311845816643834,1.1019330650794121,0.26345517471641344,0.5473761898190127,classC
5.521548468840754,1.1935580458940322,0.23118458166438327,1.6082830650794122,0.25345517471641343,0.45737618981901285,classB
5.026298468840754,0.9777080458940323,0.2711845816643833,1.4166830650794122,0.26345517471641344,0.4173761898190128,classD
5.165998468840754,1.0157080458940322,0.2711845816643833,1.4734330650794123,0.26345517471641344,0.4173761898190128,classD
7.628748468840754,2.037708045894032,0.021184581664383306,2.3106330650794122,0.26345517471641344,0.6073761898190128,classE
8.199498468840753,1.955158045894032,0.16118458166438343,2.433233065079412,0.26345517471641344,0.5273761898190127,classE
3.9463984688407545,0.8935580458940322,0.21118458166438325,1.1727830650794122,0.26345517471641344,0.48737618981901265,classC
3.920448468840754,0.9044080458940322,0.18118458166438345,1.154483065079412,0.26345517471641344,0.5073761898190127,classC
4.141398468840754,0.8128580458940323,0.2611845816643833,1.1634330650794122,0.26345517471641344,0.4273761898190126,classD
8.448748468840755,2.051358045894032,0.1411845816643834,2.517033065079412,0.25345517471641343,0.5373761898190129,classE
4.762048468840755,0.9788580458940322,0.24118458166438328,1.3466330650794123,0.25345517471641343,0.4473761898190126,classD
4.9332484688407545,1.1254580458940322,0.20118458166438347,1.4609330650794123,0.25345517471641343,0.48737618981901265,classB
4.3817984688407545,0.8269580458940322,0.2811845816643833,1.220083065079412,0.25345517471641343,0.3973761898190128,classD
4.1378984688407545,0.8198580458940323,0.2611845816643833,1.1734330650794123,0.26345517471641344,0.4173761898190128,classD
5.614898468840754,1.3348080458940321,0.16118458166438343,1.6733330650794125,0.26345517471641344,0.5273761898190127,classA
5.062648468840754,1.0974580458940322,0.20118458166438347,1.429883065079412,0.25345517471641343,0.4973761898190129,classA
4.629098468840755,0.8637080458940322,0.2811845816643833,1.271183065079412,0.26345517471641344,0.4073761898190128,classD
3.9261984688407545,0.9364580458940323,0.17118458166438344,1.178933065079412,0.26345517471641344,0.5173761898190129,classC
4.8013984688407545,0.8944080458940323,0.2811845816643833,1.3346830650794124,0.26345517471641344,0.3873761898190128,classD
5.172448468840754,1.1520080458940323,0.21118458166438325,1.5187830650794123,0.26345517471641344,0.47737618981901286,classB
3.938598468840754,0.9483080458940323,0.16118458166438343,1.174483065079412,0.25345517471641343,0.5273761898190127,classC
4.025448468840754,0.9751580458940323,0.15118458166438342,1.209133065079412,0.26345517471641344,0.5273761898190127,classC
4.614548468840755,0.9029580458940322,0.2511845816643833,1.268033065079412,0.25345517471641343,0.43737618981901283,classD
5.451648468840753,1.2494080458940322,0.1211845816643834,1.513633065079412,0.25345517471641343,0.5473761898190127,classA
5.340348468840753,1.2308580458940321,0.19118458166438346,1.5863830650794122,0.26345517471641344,0.4973761898190129,classB
5.108098468840755,1.1785580458940321,0.16118458166438343,1.4721830650794123,0.25345517471641343,0.5173761898190129,classA
3.9154484688407543,0.8424080458940323,0.23118458166438327,1.1401330650794121,0.26345517471641344,0.46737618981901263,classD
7.605848468840755,1.8448580458940322,0.1311845816643834,2.2474330650794125,0.26345517471641344,0.5473761898190127,classE
3.999248468840754,0.9886580458940323,0.1311845816643834,1.204083065079412,0.26345517471641344,0.5473761898190127,classC
4.352148468840754,0.8693080458940322,0.2611845816643833,1.2431330650794121,0.26345517471641344,0.4273761898190126,classD
5.172748468840754,1.1444080458940322,0.21118458166438325,1.4968330650794124,0.26345517471641344,0.48737618981901265,classD
3.9243984688407547,0.9448080458940322,0.16118458166438343,1.1831330650794123,0.26345517471641344,0.5273761898190127,classC
5.2606484688407535,1.1673580458940322,0.20118458166438347,1.5205830650794123,0.25345517471641343,0.48737618981901265,classB
4.886848468840754,1.0961580458940323,0.21118458166438325,1.4362830650794123,0.26345517471641344,0.48737618981901265,classA
4.282298468840754,0.9981080458940322,0.18118458166438345,1.273533065079412,0.26345517471641344,0.5073761898190127,classC
4.021748468840754,0.8980580458940323,0.21118458166438325,1.178833065079412,0.25345517471641343,0.47737618981901286,classD
5.005248468840755,1.1420580458940324,0.16118458166438343,1.4252830650794124,0.26345517471641344,0.5273761898190127,classA
7.746598468840753,1.7138580458940322,0.21118458166438325,2.2546830650794125,0.25345517471641343,0.47737618981901286,classE
5.432598468840754,1.0937080458940323,0.20118458166438347,1.4256830650794123,0.24345517471641342,0.48737618981901265,classA
5.224498468840753,1.2397580458940323,0.17118458166438344,1.5594330650794124,0.25345517471641343,0.5173761898190129,classB
4.187648468840754,0.8339080458940323,0.2711845816643833,1.1981330650794122,0.26345517471641344,0.4173761898190128,classD
3.9031484688407545,0.8420080458940322,0.23118458166438327,1.140533065079412,0.26345517471641344,0.46737618981901263,classD
5.363398468840754,1.2668580458940322,0.1311845816643834,1.5477330650794123,0.25345517471641343,0.5473761898190127,classA
5.354148468840753,1.2209080458940322,0.20118458166438347,1.5782830650794122,0.26345517471641344,0.4973761898190129,classB
4.038398468840755,0.9870080458940322,0.1411845816643834,1.2173330650794123,0.26345517471641344,0.5373761898190129,classC
4.876248468840754,1.0826580458940323,0.16118458166438343,1.3480830650794124,0.24345517471641342,0.5173761898190129,classA
3.7530984688407547,0.9440580458940323,0.1211845816643834,1.137883065079412,0.26345517471641344,0.5573761898190127,classC
5.824198468840754,1.2629080458940323,0.22118458166438326,1.6922330650794124,0.25345517471641343,0.46737618981901263,classB
4.579048468840754,1.1206580458940323,0.1311845816643834,1.3522330650794123,0.25345517471641343,0.5473761898190127,classB
6.117248468840754,1.3384080458940324,0.16118458166438343,1.6706330650794123,0.25345517471641343,0.5273761898190127,classA
4.117948468840754,0.9477580458940322,0.19118458166438346,1.223333065079412,0.26345517471641344,0.4973761898190129,classC
5.691048468840754,1.1908580458940323,0.24118458166438328,1.6223330650794123,0.26345517471641344,0.45737618981901285,classB
6.280198468840754,1.3943580458940323,0.21118458166438325,1.8249330650794124,0.25345517471641343,0.47737618981901286,classB
3.877198468840754,0.9890580458940323,0.10118458166438338,1.1771830650794122,0.26345517471641344,0.5673761898190127,classC
5.659198468840754,1.3071580458940324,0.19118458166438346,1.6847830650794122,0.26345517471641344,0.4973761898190129,classB
5.307798468840754,0.9797080458940323,0.2811845816643833,1.4541330650794122,0.25345517471641343,0.3973761898190128,classD
4.337448468840755,0.9088080458940323,0.23118458166438327,1.2398830650794121,0.26345517471641344,0.45737618981901285,classD
4.643898468840755,1.0106580458940322,0.20118458166438347,1.3089830650794125,0.24345517471641342,0.47737618981901286,classD
5.444198468840754,1.1074580458940322,0.23118458166438327,1.4712830650794124,0.2234551747164134,0.45737618981901285,classD
4.138448468840754,0.9839580458940322,0.17118458166438344,1.2427330650794122,0.26345517471641344,0.5173761898190129,classC
5.026298468840754,0.9777080458940323,0.2711845816643833,1.4166830650794122,0.26345517471641344,0.4173761898190128,classD
5.215948468840754,1.1881580458940322,0.20118458166438347,1.5479330650794123,0.25345517471641343,0.48737618981901265,classB
4.9751984688407545,0.9817580458940323,0.2611845816643833,1.4039330650794122,0.26345517471641344,0.4273761898190126,classD
4.007248468840754,0.9917080458940322,0.1411845816643834,1.213233065079412,0.26345517471641344,0.5473761898190127,classC
5.150998468840754,1.1261580458940323,0.21118458166438325,1.4901330650794122,0.26345517471641344,0.47737618981901286,classB
4.2179484688407545,0.9759580458940323,0.18118458166438345,1.2485830650794123,0.26345517471641344,0.5073761898190127,classC
4.057548468840754,0.9841580458940322,0.1411845816643834,1.208083065079412,0.26345517471641344,0.5373761898190129,classC
7.516098468840754,1.8187080458940323,0.1211845816643834,2.172533065079412,0.24345517471641342,0.5473761898190127,classE
4.812748468840755,0.9268080458940322,0.2711845816643833,1.3519830650794122,0.26345517471641344,0.4073761898190128,classD
7.398848468840754,1.8488580458940322,0.1211845816643834,2.2308330650794126,0.26345517471641344,0.5473761898190127,classE
4.080048468840754,0.9529080458940322,0.18118458166438345,1.2131830650794122,0.26345517471641344,0.5073761898190127,classC
3.7661984688407544,0.9232580458940322,0.15118458166438342,1.1417330650794122,0.26345517471641344,0.5373761898190129,classC
6.271748468840753,1.4553580458940323,0.17118458166438344,1.8388830650794121,0.26345517471641344,0.5173761898190129,classB
4.484548468840754,1.0526580458940322,0.1311845816643834,1.2816830650794122,0.25345517471641343,0.5473761898190127,classA
5.699998468840754,1.2153080458940324,0.23118458166438327,1.6420330650794122,0.25345517471641343,0.45737618981901285,classB
4.010148468840755,0.9777080458940323,0.1411845816643834,1.2002830650794123,0.26345517471641344,0.5373761898190129,classA
5.1645984688407545,1.1492080458940321,0.16118458166438343,1.4405830650794125,0.25345517471641343,0.5173761898190129,classA
5.169748468840754,1.1556580458940322,0.21118458166438325,1.5247830650794123,0.26345517471641344,0.48737618981901265,classB
8.077648468840755,1.8929580458940323,0.17118458166438344,2.3743830650794124,0.26345517471641344,0.5173761898190129,classE
5.227548468840754,1.1561080458940323,0.20118458166438347,1.5042330650794122,0.25345517471641343,0.48737618981901265,classB
4.487398468840754,1.0311580458940321,0.19118458166438346,1.3251330650794122,0.25345517471641343,0.4973761898190129,classB
4.732698468840755,1.0068080458940323,0.23118458166438327,1.3645830650794124,0.26345517471641344,0.45737618981901285,classD
4.233848468840755,0.8878580458940323,0.24118458166438328,1.2295330650794123,0.26345517471641344,0.4473761898190126,classD
7.913348468840755,1.7604080458940323,0.20118458166438347,2.287783065079412,0.24345517471641342,0.47737618981901286,classE
5.341998468840753,1.1755080458940323,0.21118458166438325,1.5434330650794124,0.25345517471641343,0.47737618981901286,classB
4.754348468840755,0.9469080458940323,0.2611845816643833,1.3416330650794124,0.26345517471641344,0.4273761898190126,classD
4.988098468840755,1.1908580458940323,0.17118458166438344,1.4934330650794123,0.26345517471641344,0.5173761898190129,classB
5.296548468840753,1.2016580458940322,0.18118458166438345,1.534883065079412,0.26345517471641344,0.5073761898190127,classB
5.389148468840753,1.2644580458940322,0.17118458166438344,1.5922330650794123,0.26345517471641344,0.5173761898190129,classA
4.169248468840754,0.8643580458940322,0.2511845816643833,1.1990830650794122,0.25345517471641343,0.4473761898190126,classD
4.523348468840754,0.9463080458940323,0.24118458166438328,1.3014830650794125,0.25345517471641343,0.4473761898190126,classD
5.345948468840755,1.1742080458940323,0.22118458166438326,1.5693830650794123,0.26345517471641344,0.47737618981901286,classB
5.9153984688407535,1.3373580458940322,0.20118458166438347,1.7275830650794122,0.24345517471641342,0.48737618981901265,classB
5.390048468840754,0.9891080458940322,0.2811845816643833,1.4640330650794124,0.26345517471641344,0.3973761898190128,classD
3.9062984688407543,0.9179080458940322,0.17118458166438344,1.1526830650794122,0.25345517471641343,0.5173761898190129,classC
5.102048468840755,1.1162580458940323,0.21118458166438325,1.4619330650794122,0.25345517471641343,0.47737618981901286,classB
4.170848468840754,1.0800080458940322,0.09118458166438337,1.2787330650794122,0.26345517471641344,0.5673761898190127,classA
7.5678484688407535,1.7700580458940323,0.17118458166438344,2.2336830650794126,0.25345517471641343,0.5073761898190127,classE
3.9433484688407545,0.8767080458940322,0.09118458166438337,1.0385330650794122,0.25345517471641343,0.5673761898190127,classC
5.313348468840754,1.2322580458940322,0.18118458166438345,1.5624830650794124,0.26345517471641344,0.5073761898190127,classB
3.8276484688407546,0.9102080458940323,0.16118458166438343,1.1424330650794121,0.26345517471641344,0.5273761898190127,classC
5.095748468840754,1.1086580458940323,0.22118458166438326,1.4827330650794124,0.26345517471641344,0.46737618981901263,classB
4.526398468840754,0.8904080458940322,0.2711845816643833,1.2934830650794122,0.26345517471641344,0.4173761898190128,classD
5.1260984688407545,1.2193580458940323,0.1311845816643834,1.4835830650794122,0.25345517471641343,0.5473761898190127,classA
4.3265484688407545,0.9363080458940323,0.21118458166438325,1.2415830650794122,0.26345517471641344,0.47737618981901286,classD
4.045748468840754,1.0027580458940322,0.1311845816643834,1.2214330650794123,0.26345517471641344,0.5473761898190127,classC
4.380748468840754,1.0138080458940322,0.19118458166438346,1.2972830650794123,0.25345517471641343,0.4973761898190129,classC
5.218098468840753,1.1736580458940322,0.20118458166438347,1.5208330650794124,0.25345517471641343,0.48737618981901265,classB
8.095748468840753,1.8464080458940322,0.18118458166438345,2.3565330650794123,0.26345517471641344,0.5073761898190127,classE
4.128648468840755,0.9018080458940322,0.21118458166438325,1.1915330650794123,0.25345517471641343,0.47737618981901286,classD
3.9433984688407544,0.9382080458940323,0.17118458166438344,1.184183065079412,0.26345517471641344,0.5173761898190129,classC
3.711048468840754,0.8304080458940323,0.20118458166438347,1.0764330650794123,0.25345517471641343,0.48737618981901265,classC
4.0490984688407545,0.9676080458940323,0.16118458166438343,1.2139330650794122,0.26345517471641344,0.5273761898190127,classC
4.796498468840754,1.0832580458940322,0.17118458166438344,1.3710830650794121,0.26345517471641344,0.5173761898190129,classA
5.637298468840754,1.301758045894032,0.19118458166438346,1.6795330650794122,0.26345517471641344,0.4973761898190129,classB
3.8077484688407544,0.9577580458940322,0.11118458166438339,1.1462830650794122,0.26345517471641344,0.5573761898190127,classC
5.256098468840754,1.1515580458940322,0.22118458166438326,1.5345330650794122,0.26345517471641344,0.46737618981901263,classB
4.191098468840754,0.9994080458940323,0.16118458166438343,1.254583065079412,0.26345517471641344,0.5273761898190127,classC
3.9631484688407546,0.8495080458940322,0.23118458166438327,1.151783065079412,0.26345517471641344,0.45737618981901285,classC
7.749498468840753,1.8792080458940321,0.15118458166438342,2.3293830650794125,0.26345517471641344,0.5273761898190127,classE
4.715498468840754,0.9086080458940323,0.2711845816643833,1.3176330650794121,0.26345517471641344,0.4173761898190128,classD
4.794648468840754,0.8775080458940323,0.2911845816643833,1.3222330650794123,0.26345517471641344,0.3873761898190128,classD
4.513848468840754,0.8599580458940322,0.2811845816643833,1.2672330650794121,0.26345517471641344,0.4073761898190128,classD
5.441448468840754,1.289858045894032,0.1411845816643834,1.5871830650794123,0.26345517471641344,0.5373761898190129,classA
5.651198468840754,1.1853580458940323,0.24118458166438328,1.6178830650794123,0.25345517471641343,0.4473761898190126,classB
5.1348484688407545,1.2117080458940321,0.17118458166438344,1.5284330650794125,0.26345517471641344,0.5173761898190129,classB
4.562748468840755,0.9742080458940322,0.23118458166438327,1.3157830650794122,0.25345517471641343,0.46737618981901263,classC
4.360598468840754,0.8523580458940323,0.2711845816643833,1.2438830650794122,0.26345517471641344,0.4073761898190128,classD
4.276798468840755,1.0282080458940321,0.16118458166438343,1.2872830650794123,0.26345517471641344,0.5173761898190129,classC
6.199998468840754,1.3566080458940322,0.15118458166438342,1.6856330650794122,0.26345517471641344,0.5273761898190127,classA
4.269298468840755,1.0088080458940323,0.17118458166438344,1.2771330650794122,0.26345517471641344,0.5173761898190129,classC
5.432648468840754,1.1506580458940323,0.23118458166438327,1.5569330650794122,0.25345517471641343,0.46737618981901263,classA
5.061548468840754,1.1430080458940324,0.20118458166438347,1.4955830650794124,0.26345517471641344,0.48737618981901265,classB
5.038348468840755,0.9929580458940321,0.2611845816643833,1.3919830650794123,0.23345517471641342,0.4073761898190128,classD
3.9338484688407545,0.9734580458940323,0.1411845816643834,1.1927330650794121,0.26345517471641344,0.5373761898190129,classC
5.085648468840755,0.9310080458940323,0.2911845816643833,1.4145330650794121,0.26345517471641344,0.3873761898190128,classD
4.183548468840754,0.9266580458940322,0.22118458166438326,1.2361330650794122,0.26345517471641344,0.47737618981901286,classC
5.008898468840754,1.0032580458940321,0.2611845816643833,1.4221330650794124,0.26345517471641344,0.4273761898190126,classD
8.278048468840753,1.9117580458940322,0.18118458166438345,2.4193330650794125,0.25345517471641343,0.5073761898190127,classE
4.363548468840754,0.9651080458940322,0.21118458166438325,1.2715830650794122,0.26345517471641344,0.48737618981901265,classC
5.746748468840753,1.2597580458940323,0.22118458166438326,1.6741330650794124,0.25345517471641343,0.47737618981901286,classB
4.278598468840754,0.9961080458940323,0.18118458166438345,1.275083065079412,0.26345517471641344,0.5073761898190127,classC
4.177598468840754,0.8852080458940322,0.23118458166438327,1.2046330650794121,0.25345517471641343,0.45737618981901285,classC
4.368648468840755,0.8269580458940322,0.2811845816643833,1.2233830650794122,0.26345517471641344,0.4073761898190128,classD
5.2328484688407535,1.3327580458940325,0.06118458166438334,1.5425330650794122,0.26345517471641344,0.5873761898190127,classA
3.656598468840754,0.8876080458940322,0.1411845816643834,1.089283065079412,0.26345517471641344,0.5373761898190129,classC
5.979098468840753,1.3510580458940322,0.16118458166438343,1.6980330650794124,0.26345517471641344,0.5173761898190129,classA
3.662298468840754,0.8765080458940322,0.16118458166438343,1.0970830650794121,0.26345517471641344,0.5273761898190127,classC
5.110398468840754,1.0072580458940323,0.2511845816643833,1.4078330650794124,0.25345517471641343,0.43737618981901283,classD
4.490848468840754,0.9097080458940323,0.2511845816643833,1.2718830650794122,0.26345517471641344,0.43737618981901283,classD
4.329698468840754,0.9782080458940322,0.20118458166438347,1.2800330650794123,0.26345517471641344,0.48737618981901265,classC
4.574948468840755,0.8849080458940323,0.2711845816643833,1.2879330650794123,0.26345517471641344,0.4173761898190128,classD
3.6949984688407547,0.9221080458940323,0.1411845816643834,1.1286830650794122,0.26345517471641344,0.5473761898190127,classC
4.259198468840754,0.9758080458940322,0.19118458166438346,1.2541830650794121,0.26345517471641344,0.5073761898190127,classC
4.165548468840755,0.9906580458940323,0.16118458166438343,1.2378330650794123,0.26345517471641344,0.5273761898190127,classC
4.070748468840755,0.9940080458940322,0.1311845816643834,1.2099830650794123,0.26345517471641344,0.5473761898190127,classC
4.664648468840754,0.9311580458940323,0.2611845816643833,1.3229330650794122,0.26345517471641344,0.4273761898190126,classD
3.7328484688407544,0.8783580458940322,0.18118458166438345,1.118833065079412,0.26345517471641344,0.5073761898190127,classC
3.9875984688407544,0.8028580458940323,0.2511845816643833,1.1178330650794122,0.25345517471641343,0.43737618981901283,classD
4.985198468840754,0.9728080458940324,0.2611845816643833,1.3770330650794123,0.25345517471641343,0.4273761898190126,classD
4.913198468840754,1.0697080458940322,0.21118458166438325,1.4033330650794125,0.24345517471641342,0.47737618981901286,classB
5.107498468840754,1.2161580458940322,0.1211845816643834,1.4675830650794124,0.25345517471641343,0.5573761898190127,classA
4.799648468840754,0.9249080458940323,0.2711845816643833,1.3526330650794123,0.26345517471641344,0.4073761898190128,classD
5.284148468840754,1.1432080458940321,0.23118458166438327,1.5394330650794124,0.26345517471641344,0.45737618981901285,classB
3.3592984688407546,0.8894080458940323,0.06118458166438334,1.0299830650794122,0.26345517471641344,0.5873761898190127,classC
4.502148468840755,0.9281580458940323,0.2511845816643833,1.2819330650794123,0.25345517471641343,0.43737618981901283,classD
5.952248468840754,1.3698080458940323,0.17118458166438344,1.7340330650794125,0.26345517471641344,0.5173761898190129,classB
3.816098468840754,0.9436580458940322,0.1311845816643834,1.1503830650794122,0.26345517471641344,0.5473761898190127,classC
4.056098468840754,0.9733080458940323,0.16118458166438343,1.220883065079412,0.26345517471641344,0.5273761898190127,classC
5.082998468840754,1.1366080458940322,0.20118458166438347,1.4711830650794124,0.24345517471641342,0.48737618981901265,classB
4.523898468840755,1.0233080458940322,0.15118458166438342,1.2661330650794123,0.25345517471641343,0.5373761898190129,classA
5.676098468840754,1.2438080458940322,0.21118458166438325,1.6357330650794122,0.26345517471641344,0.47737618981901286,classB
4.041798468840755,0.9575580458940323,0.17118458166438344,1.211033065079412,0.26345517471641344,0.5173761898190129,classC
4.850698468840754,1.0532080458940323,0.22118458166438326,1.4044830650794122,0.26345517471641344,0.47737618981901286,classB
3.987948468840754,0.9494080458940323,0.16118458166438343,1.1902830650794123,0.26345517471641344,0.5273761898190127,classC
5.695598468840753,1.316458045894032,0.18118458166438345,1.6769830650794122,0.25345517471641343,0.5073761898190127,classB
4.6573484688407545,0.8934580458940323,0.2811845816643833,1.3173830650794123,0.26345517471641344,0.4073761898190128,classD
7.401898468840753,1.8712080458940323,0.09118458166438337,2.2140830650794125,0.26345517471641344,0.5673761898190127,classE
3.9363984688407543,0.9485080458940323,0.15118458166438342,1.175033065079412,0.26345517471641344,0.5373761898190129,classC
8.187998468840753,2.1458080458940323,0.06118458166438334,2.4790830650794122,0.26345517471641344,0.5873761898190127,classE
5.194748468840754,1.1678580458940322,0.21118458166438325,1.5341330650794123,0.25345517471641343,0.47737618981901286,classB
4.108798468840755,0.9595080458940322,0.17118458166438344,1.2084330650794122,0.26345517471641344,0.5173761898190129,classC
3.9711484688407546,0.9652580458940322,0.15118458166438342,1.1920330650794122,0.26345517471641344,0.5373761898190129,classC
4.773998468840754,1.1125080458940324,0.17118458166438344,1.4025330650794123,0.26345517471641344,0.5173761898190129,classB
5.039398468840755,1.1319080458940323,0.20118458166438347,1.4707330650794121,0.25345517471641343,0.48737618981901265,classB
4.232648468840754,1.0003580458940322,0.15118458166438342,1.2395830650794122,0.25345517471641343,0.5273761898190127,classC
5.622648468840754,1.2902580458940323,0.18118458166438345,1.6496830650794123,0.26345517471641344,0.5073761898190127,classA
5.158448468840755,1.2481580458940322,0.06118458166438334,1.4514830650794124,0.25345517471641343,0.5873761898190127,classA
5.112948468840754,1.1963080458940323,0.15118458166438342,1.4856330650794123,0.25345517471641343,0.5273761898190127,classA
4.882448468840755,1.1167080458940322,0.17118458166438344,1.406733065079412,0.25345517471641343,0.5173761898190129,classA
4.076998468840754,0.9664080458940323,0.16118458166438343,1.2127830650794122,0.26345517471641344,0.5273761898190127,classC
5.362848468840753,1.3229580458940322,0.08118458166438336,1.5490830650794123,0.25345517471641343,0.5773761898190127,classA
3.891498468840754,0.9610580458940322,0.1311845816643834,1.166833065079412,0.25345517471641343,0.5473761898190127,classC
3.9121984688407543,0.9602580458940322,0.1411845816643834,1.1763830650794123,0.26345517471641344,0.5373761898190129,classC
4.472448468840755,1.0125580458940322,0.21118458166438325,1.3326830650794121,0.26345517471641344,0.48737618981901265,classC
4.783248468840754,1.0237580458940323,0.22118458166438326,1.3676330650794122,0.24345517471641342,0.46737618981901263,classD
5.188548468840754,1.2018080458940323,0.16118458166438343,1.4997330650794123,0.26345517471641344,0.5273761898190127,classA
4.409098468840754,0.9933580458940322,0.21118458166438325,1.3079830650794122,0.26345517471641344,0.48737618981901265,classC
3.5598984688407547,0.8946080458940322,0.11118458166438339,1.0759830650794122,0.26345517471641344,0.5573761898190127,classC
4.947848468840754,1.1667080458940322,0.16118458166438343,1.4588830650794122,0.26345517471641344,0.5273761898190127,classA
4.958498468840754,1.0192080458940322,0.24118458166438328,1.4091830650794122,0.26345517471641344,0.4473761898190126,classD
4.180248468840754,0.9913080458940322,0.16118458166438343,1.2382330650794122,0.26345517471641344,0.5273761898190127,classC
5.001598468840754,1.1553080458940324,0.15118458166438342,1.4282830650794123,0.25345517471641343,0.5373761898190129,classA
5.728198468840754,1.2644580458940322,0.22118458166438326,1.6765330650794124,0.26345517471641344,0.47737618981901286,classB
4.733148468840755,0.9399080458940322,0.2611845816643833,1.3436830650794125,0.26345517471641344,0.4273761898190126,classD
8.845198468840755,2.038808045894032,0.18118458166438345,2.5968330650794123,0.25345517471641343,0.5073761898190127,classE
5.968198468840753,1.2848080458940323,0.15118458166438342,1.5939330650794121,0.25345517471641343,0.5273761898190127,classA
4.982948468840754,1.0674580458940321,0.22118458166438326,1.4295330650794122,0.26345517471641344,0.46737618981901263,classB
4.079898468840755,0.8143580458940322,0.2611845816643833,1.161983065079412,0.26345517471641344,0.4173761898190128,classD
4.284898468840755,0.9976080458940322,0.1311845816643834,1.2210330650794121,0.25345517471641343,0.5473761898190127,classA
4.884548468840754,1.0386080458940323,0.23118458166438327,1.3976330650794122,0.26345517471641344,0.46737618981901263,classB
4.447048468840754,0.9868080458940323,0.21118458166438325,1.303933065079412,0.25345517471641343,0.47737618981901286,classC
4.803848468840754,0.9275080458940324,0.2711845816643833,1.3364330650794123,0.26345517471641344,0.4173761898190128,classD
5.677498468840754,1.1984580458940324,0.24118458166438328,1.6474330650794125,0.25345517471641343,0.4473761898190126,classB
5.646848468840753,1.1814080458940324,0.2511845816643833,1.6257830650794123,0.25345517471641343,0.43737618981901283,classB
4.413498468840754,0.8679580458940321,0.2711845816643833,1.259933065079412,0.26345517471641344,0.4173761898190128,classD
4.1775484688407545,1.0045580458940322,0.15118458166438342,1.2492830650794122,0.26345517471641344,0.5273761898190127,classC
5.118498468840754,1.1248580458940323,0.21118458166438325,1.4816830650794122,0.25345517471641343,0.47737618981901286,classB
3.8433484688407544,0.9471580458940322,0.1411845816643834,1.1589330650794123,0.26345517471641344,0.5373761898190129,classC
4.395998468840754,0.8638580458940323,0.2711845816643833,1.2541330650794122,0.26345517471641344,0.4173761898190128,classD
4.501798468840755,1.0041580458940322,0.21118458166438325,1.3207330650794122,0.26345517471641344,0.48737618981901265,classC
3.786498468840754,0.9148080458940322,0.1411845816643834,1.1223830650794122,0.26345517471641344,0.5373761898190129,classC
5.656698468840753,1.2408080458940323,0.21118458166438325,1.6374330650794124,0.25345517471641343,0.47737618981901286,classB
5.272798468840754,1.2346580458940322,0.18118458166438345,1.5714330650794122,0.26345517471641344,0.5073761898190127,classB
3.9886484688407546,0.8630580458940322,0.22118458166438326,1.1635330650794122,0.25345517471641343,0.46737618981901263,classC
4.1298984688407545,1.0015580458940323,0.15118458166438342,1.2350330650794121,0.25345517471641343,0.5373761898190129,classC
4.119198468840754,0.9604080458940323,0.18118458166438345,1.2326330650794122,0.26345517471641344,0.5073761898190127,classC
3.9249484688407548,0.9773580458940323,0.1311845816643834,1.1871830650794122,0.26345517471641344,0.5473761898190127,classC
4.567498468840754,0.9109580458940323,0.2711845816643833,1.3071830650794123,0.26345517471641344,0.4173761898190128,classD
5.143898468840754,1.2261080458940323,0.10118458166438338,1.4524330650794124,0.25345517471641343,0.5673761898190127,classA
5.028398468840754,0.9233580458940323,0.2911845816643833,1.3923830650794122,0.26345517471641344,0.3873761898190128,classD
3.8148484688407542,0.7582080458940322,0.2611845816643833,1.088133065079412,0.26345517471641344,0.4173761898190128,classD
5.534148468840754,1.182958045894032,0.23118458166438327,1.5951330650794122,0.26345517471641344,0.46737618981901263,classB
4.579498468840755,0.9484580458940323,0.24118458166438328,1.3127330650794125,0.26345517471641344,0.4473761898190126,classD
5.7659484688407545,1.1615580458940322,0.23118458166438327,1.5730830650794123,0.25345517471641343,0.45737618981901285,classB
5.262098468840755,1.2227080458940323,0.1411845816643834,1.4990830650794122,0.25345517471641343,0.5373761898190129,classA
5.438698468840754,1.1388580458940323,0.24118458166438328,1.5529830650794123,0.25345517471641343,0.4473761898190126,classB
4.022648468840754,0.9827080458940323,0.1311845816643834,1.1999830650794123,0.26345517471641344,0.5473761898190127,classC
7.558048468840753,1.8075580458940324,0.15118458166438342,2.235583065079412,0.26345517471641344,0.5273761898190127,classE
4.429098468840754,0.9266580458940322,0.2511845816643833,1.2858330650794125,0.26345517471641344,0.4473761898190126,classD
8.398198468840754,2.033308045894032,0.1311845816643834,2.468833065079412,0.26345517471641344,0.5473761898190127,classE
4.563948468840755,0.9115080458940322,0.2611845816643833,1.2985830650794121,0.26345517471641344,0.4273761898190126,classD
3.9538484688407545,0.9109580458940323,0.19118458166438346,1.1801330650794122,0.26345517471641344,0.4973761898190129,classC
5.176148468840754,1.1630580458940323,0.20118458166438347,1.510483065079412,0.25345517471641343,0.48737618981901265,classB
5.016098468840754,1.1597580458940322,0.19118458166438346,1.4987830650794123,0.26345517471641344,0.4973761898190129,classB
4.884648468840754,1.1562080458940323,0.17118458166438344,1.4566830650794123,0.26345517471641344,0.5173761898190129,classB
4.130948468840754,1.0304080458940321,0.1211845816643834,1.2441830650794121,0.26345517471641344,0.5473761898190127,classC
5.819998468840754,1.2128080458940322,0.20118458166438347,1.5796330650794124,0.25345517471641343,0.48737618981901265,classA
4.098148468840755,0.9896580458940322,0.16118458166438343,1.2312830650794122,0.26345517471641344,0.5273761898190127,classC
3.6886984688407547,0.8847580458940323,0.16118458166438343,1.1067330650794123,0.25345517471641343,0.5273761898190127,classC
7.537548468840754,1.7369080458940322,0.19118458166438346,2.2391830650794122,0.26345517471641344,0.4973761898190129,classE
4.032498468840754,1.0581080458940322,0.07118458166438335,1.2317330650794123,0.26345517471641344,0.5873761898190127,classC
3.9222484688407544,0.9640580458940323,0.1411845816643834,1.1774830650794121,0.26345517471641344,0.5373761898190129,classC
4.245798468840754,0.9788080458940323,0.18118458166438345,1.2490830650794122,0.25345517471641343,0.5073761898190127,classC
4.872898468840754,0.9308580458940322,0.2711845816643833,1.3413830650794123,0.25345517471641343,0.4173761898190128,classD
5.387598468840753,1.0004080458940323,0.2811845816643833,1.4619830650794123,0.25345517471641343,0.3973761898190128,classD
4.906698468840754,1.1009580458940322,0.19118458166438346,1.4231830650794124,0.25345517471641343,0.4973761898190129,classB
7.5289484688407535,1.7684580458940322,0.16118458166438343,2.2074830650794124,0.25345517471641343,0.5173761898190129,classE
6.854798468840754,1.7399080458940321,0.10118458166438338,2.0706330650794125,0.26345517471641344,0.5673761898190127,classE
5.414698468840754,1.1184080458940322,0.24118458166438328,1.5399830650794124,0.26345517471641344,0.4473761898190126,classB
3.969248468840754,0.9647580458940322,0.1411845816643834,1.1810830650794122,0.26345517471641344,0.5373761898190129,classC
4.956648468840754,1.1711080458940324,0.17118458166438344,1.482383065079412,0.26345517471641344,0.5173761898190129,classB
3.7421484688407545,0.9139080458940323,0.1411845816643834,1.1201830650794122,0.26345517471641344,0.5473761898190127,classC
5.389648468840754,1.2112080458940322,0.21118458166438325,1.5939830650794125,0.26345517471641344,0.47737618981901286,classB
5.052098468840755,1.1228080458940324,0.18118458166438345,1.4353830650794124,0.25345517471641343,0.5073761898190127,classA
5.157298468840754,1.1213080458940323,0.22118458166438326,1.4986330650794122,0.26345517471641344,0.46737618981901263,classB
4.082548468840755,0.9807580458940321,0.16118458166438343,1.2251330650794123,0.26345517471641344,0.5273761898190127,classC
5.664498468840753,1.2368080458940323,0.17118458166438344,1.5618330650794123,0.25345517471641343,0.5173761898190129,classA
5.040848468840754,0.9359580458940323,0.2811845816643833,1.3829330650794123,0.26345517471641344,0.3973761898190128,classD
3.706698468840754,0.9258580458940322,0.11118458166438339,1.1139830650794122,0.26345517471641344,0.5573761898190127,classC
4.265148468840755,0.9861580458940322,0.18118458166438345,1.2632830650794122,0.26345517471641344,0.5073761898190127,classC
3.9633484688407545,0.9925580458940323,0.1211845816643834,1.2037830650794121,0.26345517471641344,0.5473761898190127,classC
3.8856984688407543,0.9494080458940323,0.1311845816643834,1.1587830650794122,0.26345517471641344,0.5473761898190127,classC
4.609398468840754,1.0189580458940322,0.21118458166438325,1.3358830650794125,0.24345517471641342,0.46737618981901263,classD
4.230048468840755,0.8039580458940323,0.2811845816643833,1.1873830650794122,0.26345517471641344,0.3973761898190128,classD
5.798648468840754,1.2771080458940323,0.22118458166438326,1.7016830650794121,0.26345517471641344,0.46737618981901263,classB
4.228448468840754,0.9790580458940323,0.18118458166438345,1.2504330650794122,0.26345517471641344,0.5073761898190127,classC
4.342448468840755,0.8796080458940323,0.2611845816643833,1.2498330650794123,0.26345517471641344,0.4273761898190126,classD
4.110548468840754,1.0235080458940322,0.1311845816643834,1.2426330650794122,0.26345517471641344,0.5473761898190127,classC
3.6576984688407546,0.9154080458940322,0.1211845816643834,1.1035830650794123,0.26345517471641344,0.5573761898190127,classC
3.8876984688407545,0.9837580458940323,0.11118458166438339,1.178183065079412,0.26345517471641344,0.5573761898190127,classC
3.981098468840754,0.9750580458940322,0.1411845816643834,1.2010830650794122,0.26345517471641344,0.5373761898190129,classC
5.216648468840754,1.234208045894032,0.15118458166438342,1.5231330650794124,0.26345517471641344,0.5373761898190129,classA
4.497698468840754,0.9068080458940322,0.2611845816643833,1.2790830650794123,0.26345517471641344,0.4273761898190126,classD
5.208798468840754,1.1978080458940323,0.19118458166438346,1.5441330650794123,0.26345517471641344,0.4973761898190129,classB
4.532498468840754,0.9343080458940323,0.2511845816643833,1.3097330650794123,0.26345517471641344,0.43737618981901283,classD
4.530248468840754,0.8837080458940322,0.2711845816643833,1.2830830650794125,0.26345517471641344,0.4173761898190128,classD
4.952748468840754,1.0613580458940322,0.23118458166438327,1.4330330650794125,0.26345517471641344,0.46737618981901263,classB
4.393898468840755,1.0293580458940321,0.16118458166438343,1.2799330650794123,0.24345517471641342,0.5173761898190129,classC
5.471648468840754,1.2088580458940321,0.21118458166438325,1.6022830650794122,0.26345517471641344,0.47737618981901286,classB
5.123698468840754,1.1581080458940323,0.19118458166438346,1.4917330650794123,0.25345517471641343,0.4973761898190129,classB
4.164648468840754,0.9035580458940322,0.22118458166438326,1.2091830650794122,0.25345517471641343,0.46737618981901263,classC
4.509398468840755,0.8021080458940323,0.2911845816643833,1.2198830650794121,0.25345517471641343,0.3773761898190128,classD
4.479098468840754,1.0259080458940322,0.19118458166438346,1.3228830650794123,0.26345517471641344,0.4973761898190129,classC
4.491298468840754,0.8946080458940322,0.2611845816643833,1.268033065079412,0.26345517471641344,0.4273761898190126,classD
3.838048468840755,0.9752580458940322,0.11118458166438339,1.1675330650794122,0.26345517471641344,0.5573761898190127,classC
4.740598468840755,0.9543080458940323,0.2511845816643833,1.3362330650794123,0.25345517471641343,0.4273761898190126,classD
3.9933484688407543,0.9451080458940322,0.18118458166438345,1.2024830650794123,0.26345517471641344,0.5173761898190129,classC
5.127598468840754,0.9341580458940322,0.2611845816643833,1.3348830650794121,0.25345517471641343,0.4273761898190126,classD
3.9024484688407544,0.9880080458940322,0.11118458166438339,1.179333065079412,0.26345517471641344,0.5573761898190127,classC
4.569448468840754,1.0219580458940323,0.20118458166438347,1.3257330650794124,0.25345517471641343,0.48737618981901265,classB
4.7857484688407546,1.0586080458940323,0.20118458166438347,1.3852330650794125,0.26345517471641344,0.48737618981901265,classB
5.426398468840754,1.1840080458940323,0.22118458166438326,1.5541330650794123,0.23345517471641342,0.46737618981901263,classB
3.7992984688407545,0.8954080458940322,0.16118458166438343,1.120533065079412,0.26345517471641344,0.5273761898190127,classC
5.529898468840754,1.2758580458940323,0.19118458166438346,1.6405330650794125,0.25345517471641343,0.4973761898190129,classB
4.161348468840754,0.8824080458940322,0.24118458166438328,1.207933065079412,0.26345517471641344,0.45737618981901285,classD
5.475098468840754,1.2494080458940322,0.1311845816643834,1.5222830650794124,0.25345517471641343,0.5473761898190127,classA
7.657148468840754,1.7821580458940323,0.18118458166438345,2.2635330650794123,0.26345517471641344,0.5073761898190127,classE
5.123898468840753,1.2241580458940322,0.11118458166438339,1.4731830650794122,0.25345517471641343,0.5573761898190127,classA
5.115248468840754,1.1328080458940324,0.21118458166438325,1.4899830650794124,0.25345517471641343,0.47737618981901286,classB
5.451798468840753,1.2678580458940323,0.17118458166438344,1.6047830650794124,0.26345517471641344,0.5073761898190127,classB
5.494848468840754,1.2126080458940323,0.21118458166438325,1.5896830650794123,0.25345517471641343,0.48737618981901265,classB
3.902998468840754,0.9377080458940322,0.15118458166438342,1.161683065079412,0.26345517471641344,0.5373761898190129,classC
3.5805984688407544,0.9026580458940323,0.1211845816643834,1.094333065079412,0.26345517471641344,0.5473761898190127,classC
3.8753984688407543,0.9675080458940323,0.1311845816643834,1.1759330650794122,0.26345517471641344,0.5473761898190127,classC
4.028298468840754,0.9154580458940322,0.20118458166438347,1.189883065079412,0.26345517471641344,0.4973761898190129,classC
4.870898468840754,1.2066580458940321,0.10118458166438338,1.4380330650794124,0.26345517471641344,0.5673761898190127,classA
4.2243984688407545,0.9988080458940323,0.17118458166438344,1.2672330650794121,0.26345517471641344,0.5173761898190129,classC
5.169948468840754,1.1370080458940321,0.22118458166438326,1.5069330650794124,0.25345517471641343,0.46737618981901263,classB
4.893598468840754,1.0333080458940322,0.22118458166438326,1.3789830650794124,0.25345517471641343,0.46737618981901263,classD
5.479998468840754,1.277058045894032,0.1411845816643834,1.5658330650794126,0.25345517471641343,0.5373761898190129,classA
5.382898468840754,1.0527580458940322,0.2711845816643833,1.5222830650794124,0.26345517471641344,0.4173761898190128,classD
4.660548468840755,0.8932080458940322,0.2811845816643833,1.3157830650794122,0.26345517471641344,0.4073761898190128,classD
4.228148468840755,1.0037580458940323,0.17118458166438344,1.2710830650794123,0.26345517471641344,0.5173761898190129,classC
4.597198468840754,0.9420580458940323,0.2511845816643833,1.3265330650794125,0.26345517471641344,0.43737618981901283,classD
5.410298468840754,1.2070080458940322,0.20118458166438347,1.5793330650794124,0.26345517471641344,0.48737618981901265,classA
5.308598468840754,1.1319080458940323,0.23118458166438327,1.5403330650794123,0.26345517471641344,0.45737618981901285,classB
4.969598468840754,0.9610080458940322,0.2711845816643833,1.3921330650794124,0.26345517471641344,0.4073761898190128,classD
3.919848468840754,0.9833080458940323,0.11118458166438339,1.174733065079412,0.25345517471641343,0.5473761898190127,classC
4.603098468840755,1.0313080458940322,0.20118458166438347,1.3387330650794125,0.25345517471641343,0.48737618981901265,classC
4.000798468840754,0.9584080458940322,0.16118458166438343,1.195983065079412,0.26345517471641344,0.5273761898190127,classC
4.361548468840755,0.8298080458940322,0.2811845816643833,1.2185330650794122,0.26345517471641344,0.4073761898190128,classD
4.030148468840754,0.9537580458940323,0.17118458166438344,1.203533065079412,0.26345517471641344,0.5173761898190129,classC
3.8688984688407544,0.9564580458940323,0.1411845816643834,1.1726330650794123,0.26345517471641344,0.5373761898190129,classC
4.754548468840754,0.9782080458940322,0.2511845816643833,1.3742830650794124,0.26345517471641344,0.43737618981901283,classD
4.587898468840754,0.9337080458940322,0.2511845816643833,1.3164830650794124,0.26345517471641344,0.43737618981901283,classD
4.948148468840754,1.0993580458940322,0.20118458166438347,1.4336330650794122,0.25345517471641343,0.48737618981901265,classB
3.7458484688407543,0.9365080458940322,0.1211845816643834,1.1333330650794122,0.26345517471641344,0.5473761898190127,classC
4.873148468840754,0.9229080458940322,0.2811845816643833,1.3570830650794123,0.26345517471641344,0.4073761898190128,classD
4.096948468840754,0.9938580458940323,0.15118458166438342,1.229633065079412,0.26345517471641344,0.5373761898190129,classC
4.573048468840755,1.0295080458940322,0.21118458166438325,1.3536330650794122,0.25345517471641343,0.47737618981901286,classB
3.631598468840754,0.9094080458940322,0.1211845816643834,1.102933065079412,0.26345517471641344,0.5473761898190127,classC
5.597998468840753,1.2840080458940324,0.18118458166438345,1.6270330650794123,0.24345517471641342,0.5073761898190127,classB
5.088398468840754,1.1296580458940322,0.21118458166438325,1.4983330650794124,0.26345517471641344,0.47737618981901286,classB
3.9974984688407544,0.8787080458940322,0.22118458166438326,1.1685330650794121,0.26345517471641344,0.47737618981901286,classD
3.8301984688407544,0.9297580458940322,0.15118458166438342,1.1551330650794123,0.26345517471641344,0.5273761898190127,classC
5.479148468840753,1.2011580458940323,0.22118458166438326,1.5950830650794123,0.26345517471641344,0.47737618981901286,classB
